timestamp,open,high,low,close,volume,time
1769911680000,78416.94,78520.88,78416.94,78520.88,20.87606,2026-02-01 02:08:00
1769911740000,78520.88,78572.01,78513.04,78572.01,12.48393,2026-02-01 02:09:00
1769911800000,78572.02,78779.06,78572.02,78696.76,24.01235,2026-02-01 02:10:00
1769911860000,78696.75,78744.0,78690.78,78715.97,15.32814,2026-02-01 02:11:00
1769911920000,78715.96,78764.42,78715.96,78764.42,20.20552,2026-02-01 02:12:00
1769911980000,78764.42,78783.77,78744.0,78761.43,15.88901,2026-02-01 02:13:00
1769912040000,78761.43,78856.61,78759.08,78817.97,21.20356,2026-02-01 02:14:00
1769912100000,78817.96,78873.58,78810.97,78853.6,7.02666,2026-02-01 02:15:00
1769912160000,78853.59,78899.71,78821.45,78850.31,19.25893,2026-02-01 02:16:00
1769912220000,78850.3,78850.3,78790.74,78796.18,10.10138,2026-02-01 02:17:00
1769912280000,78796.18,78837.19,78775.89,78826.86,22.62301,2026-02-01 02:18:00
1769912340000,78826.85,78858.2,78784.8,78785.01,5.04548,2026-02-01 02:19:00
1769912400000,78785.01,78800.01,78650.09,78660.52,25.19262,2026-02-01 02:20:00
1769912460000,78660.52,78660.52,78544.0,78552.8,9.56011,2026-02-01 02:21:00
1769912520000,78552.81,78600.0,78534.01,78534.02,5.6912,2026-02-01 02:22:00
1769912580000,78534.02,78549.48,78520.0,78537.23,8.93045,2026-02-01 02:23:00
1769912640000,78537.24,78588.71,78537.23,78571.11,7.55463,2026-02-01 02:24:00
1769912700000,78571.11,78627.62,78571.11,78587.1,4.92357,2026-02-01 02:25:00
1769912760000,78587.1,78615.21,78560.0,78560.01,5.85804,2026-02-01 02:26:00
1769912820000,78560.01,78580.45,78529.08,78566.12,15.29394,2026-02-01 02:27:00
1769912880000,78566.11,78619.78,78565.32,78607.47,3.216,2026-02-01 02:28:00
1769912940000,78607.47,78630.0,78580.81,78630.0,9.44594,2026-02-01 02:29:00
1769913000000,78630.0,78658.98,78619.59,78633.08,4.58177,2026-02-01 02:30:00
1769913060000,78633.08,78698.0,78627.56,78697.99,16.01742,2026-02-01 02:31:00
1769913120000,78698.0,78728.37,78689.74,78707.0,16.33577,2026-02-01 02:32:00
1769913180000,78707.0,78726.55,78618.43,78618.43,14.0798,2026-02-01 02:33:00
1769913240000,78618.43,78719.96,78612.6,78713.9,13.57894,2026-02-01 02:34:00
1769913300000,78713.9,78758.0,78713.89,78757.99,14.29266,2026-02-01 02:35:00
1769913360000,78758.0,78780.78,78692.0,78708.86,22.06856,2026-02-01 02:36:00
1769913420000,78708.86,78792.0,78708.86,78792.0,6.18671,2026-02-01 02:37:00
1769913480000,78792.0,78793.24,78737.98,78753.83,15.74509,2026-02-01 02:38:00
1769913540000,78753.84,78810.09,78744.84,78771.62,5.98224,2026-02-01 02:39:00
1769913600000,78771.62,78790.09,78749.18,78766.81,4.37898,2026-02-01 02:40:00
1769913660000,78766.82,78782.0,78734.57,78775.92,3.9114,2026-02-01 02:41:00
1769913720000,78775.92,78800.0,78775.91,78786.2,8.09138,2026-02-01 02:42:00
1769913780000,78786.19,78786.19,78700.0,78700.0,5.99516,2026-02-01 02:43:00
1769913840000,78700.01,78781.18,78700.01,78749.48,6.46981,2026-02-01 02:44:00
1769913900000,78749.48,78810.0,78749.48,78767.77,4.68976,2026-02-01 02:45:00
1769913960000,78767.77,78850.44,78730.0,78850.44,11.76998,2026-02-01 02:46:00
1769914020000,78850.44,78855.69,78820.2,78838.13,12.12795,2026-02-01 02:47:00
1769914080000,78838.13,78868.91,78838.13,78862.91,4.17102,2026-02-01 02:48:00
1769914140000,78862.91,78875.85,78830.0,78859.5,16.52864,2026-02-01 02:49:00
1769914200000,78859.49,78878.91,78839.1,78878.91,6.69586,2026-02-01 02:50:00
1769914260000,78878.91,78878.91,78800.0,78838.17,13.99323,2026-02-01 02:51:00
1769914320000,78838.18,78937.98,78838.17,78904.26,24.28102,2026-02-01 02:52:00
1769914380000,78904.26,78998.01,78892.15,78994.5,25.11659,2026-02-01 02:53:00
1769914440000,78994.5,79034.11,78983.78,79034.11,12.37726,2026-02-01 02:54:00
1769914500000,79034.1,79060.44,78933.52,78963.7,17.71361,2026-02-01 02:55:00
1769914560000,78963.7,78993.99,78947.87,78993.99,5.29932,2026-02-01 02:56:00
1769914620000,78993.98,79000.0,78959.71,78994.66,24.99189,2026-02-01 02:57:00
1769914680000,78994.67,78994.67,78902.0,78907.45,10.51241,2026-02-01 02:58:00
1769914740000,78907.45,78961.5,78900.0,78900.01,6.14928,2026-02-01 02:59:00
1769914800000,78900.01,78983.78,78900.01,78936.01,6.54397,2026-02-01 03:00:00
1769914860000,78936.0,78983.78,78925.72,78983.78,11.66243,2026-02-01 03:01:00
1769914920000,78983.77,79008.36,78980.23,78988.0,11.61256,2026-02-01 03:02:00
1769914980000,78988.01,78988.01,78905.79,78905.8,16.30473,2026-02-01 03:03:00
1769915040000,78905.8,78905.8,78800.0,78800.01,9.29771,2026-02-01 03:04:00
1769915100000,78800.0,78840.0,78764.45,78796.11,10.0818,2026-02-01 03:05:00
1769915160000,78796.11,78811.03,78772.0,78772.01,8.46514,2026-02-01 03:06:00
1769915220000,78772.01,78792.4,78746.58,78758.49,6.07817,2026-02-01 03:07:00
1769915280000,78758.48,78802.0,78746.58,78789.66,13.80797,2026-02-01 03:08:00
1769915340000,78789.65,78916.7,78786.7,78890.52,14.89008,2026-02-01 03:09:00
1769915400000,78890.53,78890.53,78867.0,78875.29,14.94836,2026-02-01 03:10:00
1769915460000,78875.29,78936.65,78875.28,78881.31,6.05487,2026-02-01 03:11:00
1769915520000,78881.31,78887.7,78876.08,78876.09,5.483,2026-02-01 03:12:00
1769915580000,78876.09,78880.0,78818.04,78818.04,13.40406,2026-02-01 03:13:00
1769915640000,78818.03,78864.18,78818.03,78864.18,6.33294,2026-02-01 03:14:00
1769915700000,78864.18,78894.0,78864.18,78864.35,7.19374,2026-02-01 03:15:00
1769915760000,78864.35,78864.35,78793.85,78793.85,11.99697,2026-02-01 03:16:00
1769915820000,78793.85,78818.26,78748.28,78781.99,14.58988,2026-02-01 03:17:00
1769915880000,78782.0,78782.0,78720.0,78775.36,11.25188,2026-02-01 03:18:00
1769915940000,78775.36,78793.19,78704.0,78704.0,9.69762,2026-02-01 03:19:00
1769916000000,78704.0,78776.0,78700.0,78775.99,6.45368,2026-02-01 03:20:00
1769916060000,78775.99,78800.09,78763.38,78798.02,13.79451,2026-02-01 03:21:00
1769916120000,78798.02,78798.03,78720.0,78725.52,10.61083,2026-02-01 03:22:00
1769916180000,78725.52,78742.19,78666.73,78694.0,22.69229,2026-02-01 03:23:00
1769916240000,78694.0,78748.0,78693.99,78743.18,9.02991,2026-02-01 03:24:00
1769916300000,78743.17,78792.0,78709.64,78713.82,10.39665,2026-02-01 03:25:00
1769916360000,78713.82,78763.52,78713.82,78763.52,6.97007,2026-02-01 03:26:00
1769916420000,78763.52,78791.99,78763.51,78768.81,9.58866,2026-02-01 03:27:00
1769916480000,78768.82,78786.21,78744.97,78763.94,10.49777,2026-02-01 03:28:00
1769916540000,78763.94,78791.99,78742.92,78742.93,3.63612,2026-02-01 03:29:00
1769916600000,78742.93,78794.98,78742.93,78794.98,6.54641,2026-02-01 03:30:00
1769916660000,78794.98,78794.98,78708.87,78708.87,9.34485,2026-02-01 03:31:00
1769916720000,78708.88,78712.46,78686.0,78712.45,5.79569,2026-02-01 03:32:00
1769916780000,78712.46,78780.0,78712.45,78768.2,7.14918,2026-02-01 03:33:00
1769916840000,78768.19,78768.19,78738.9,78744.21,5.53618,2026-02-01 03:34:00
1769916900000,78744.22,78744.22,78701.15,78708.58,6.56569,2026-02-01 03:35:00
1769916960000,78708.58,78739.04,78706.49,78722.04,7.19597,2026-02-01 03:36:00
1769917020000,78722.04,78744.22,78722.03,78739.87,4.71999,2026-02-01 03:37:00
1769917080000,78739.87,78758.26,78739.86,78743.72,2.07108,2026-02-01 03:38:00
1769917140000,78743.72,78778.47,78743.72,78776.5,5.91417,2026-02-01 03:39:00
1769917200000,78776.49,78776.5,78743.72,78771.78,3.6738,2026-02-01 03:40:00
1769917260000,78771.79,78813.8,78770.0,78813.8,59.90871,2026-02-01 03:41:00
1769917320000,78813.79,78848.62,78813.79,78844.15,16.36547,2026-02-01 03:42:00
1769917380000,78845.72,78865.1,78713.41,78713.41,11.77978,2026-02-01 03:43:00
1769917440000,78713.4,78740.37,78708.7,78733.27,4.66577,2026-02-01 03:44:00
1769917500000,78733.26,78776.82,78733.26,78776.0,3.32679,2026-02-01 03:45:00
1769917560000,78776.0,78793.29,78770.47,78772.6,5.27945,2026-02-01 03:46:00
1769917620000,78772.6,78824.47,78767.87,78824.46,16.92079,2026-02-01 03:47:00
1769917680000,78824.47,78864.0,78824.46,78843.38,5.95086,2026-02-01 03:48:00
1769917740000,78843.37,78873.8,78812.0,78873.79,6.08881,2026-02-01 03:49:00
1769917800000,78873.8,78873.8,78868.0,78873.79,9.86109,2026-02-01 03:50:00
1769917860000,78873.79,78914.88,78868.01,78898.63,17.8064,2026-02-01 03:51:00
1769917920000,78898.63,78916.47,78878.5,78899.75,7.11294,2026-02-01 03:52:00
1769917980000,78899.75,78899.75,78873.79,78873.8,2.63423,2026-02-01 03:53:00
1769918040000,78873.8,78876.28,78822.24,78863.73,26.27458,2026-02-01 03:54:00
1769918100000,78863.74,78884.97,78817.87,78832.88,6.95236,2026-02-01 03:55:00
1769918160000,78832.87,78848.75,78832.87,78848.75,2.68145,2026-02-01 03:56:00
1769918220000,78848.74,78880.0,78848.74,78874.49,5.67292,2026-02-01 03:57:00
1769918280000,78874.5,78897.07,78848.75,78882.44,4.41448,2026-02-01 03:58:00
1769918340000,78882.45,78882.45,78857.17,78868.28,2.73207,2026-02-01 03:59:00
1769918400000,78868.29,78868.29,78848.75,78848.75,3.98074,2026-02-01 04:00:00
1769918460000,78848.76,78848.76,78834.09,78840.65,12.35572,2026-02-01 04:01:00
1769918520000,78840.65,78862.73,78807.99,78807.99,10.94607,2026-02-01 04:02:00
1769918580000,78808.0,78817.53,78800.0,78805.75,5.52545,2026-02-01 04:03:00
1769918640000,78805.75,78809.86,78768.74,78768.75,5.64875,2026-02-01 04:04:00
1769918700000,78768.75,78778.91,78727.55,78727.56,9.82368,2026-02-01 04:05:00
1769918760000,78727.55,78787.06,78720.97,78787.06,7.01475,2026-02-01 04:06:00
1769918820000,78787.05,78787.06,78734.86,78741.61,9.3249,2026-02-01 04:07:00
1769918880000,78741.61,78760.0,78734.84,78752.19,5.87307,2026-02-01 04:08:00
1769918940000,78752.2,78817.3,78752.19,78817.29,6.48744,2026-02-01 04:09:00
1769919000000,78817.29,78869.07,78817.28,78850.77,4.28402,2026-02-01 04:10:00
1769919060000,78850.77,78911.99,78850.76,78902.12,3.56801,2026-02-01 04:11:00
1769919120000,78902.12,79005.49,78894.8,79000.01,22.66235,2026-02-01 04:12:00
1769919180000,79000.01,79000.01,78980.06,78980.07,6.75575,2026-02-01 04:13:00
1769919240000,78980.07,78980.07,78941.81,78964.13,2.35707,2026-02-01 04:14:00
1769919300000,78964.12,78970.07,78954.46,78969.91,9.56976,2026-02-01 04:15:00
1769919360000,78969.91,78987.59,78938.05,78980.53,42.43726,2026-02-01 04:16:00
1769919420000,78980.52,79090.27,78980.52,79055.94,23.14911,2026-02-01 04:17:00
1769919480000,79055.93,79059.39,79017.9,79017.91,4.93672,2026-02-01 04:18:00
1769919540000,79017.9,79100.0,79000.01,79100.0,6.6306,2026-02-01 04:19:00
1769919600000,79099.99,79119.3,79030.22,79053.3,14.74144,2026-02-01 04:20:00
1769919660000,79053.3,79053.31,79000.0,79000.01,8.3488,2026-02-01 04:21:00
1769919720000,79000.0,79019.42,78983.78,78983.78,3.65338,2026-02-01 04:22:00
1769919780000,78983.79,79052.98,78975.9,79029.94,7.76971,2026-02-01 04:23:00
1769919840000,79029.95,79029.95,79000.0,79000.0,6.58808,2026-02-01 04:24:00
1769919900000,79000.01,79000.01,78920.62,78927.26,5.27342,2026-02-01 04:25:00
1769919960000,78927.26,78955.69,78920.61,78945.22,10.11027,2026-02-01 04:26:00
1769920020000,78945.22,78947.62,78928.96,78928.97,3.62658,2026-02-01 04:27:00
1769920080000,78928.97,78932.47,78920.61,78920.61,4.888,2026-02-01 04:28:00
1769920140000,78920.62,78931.68,78906.03,78931.67,6.09983,2026-02-01 04:29:00
1769920200000,78931.68,78989.86,78931.68,78963.15,4.65907,2026-02-01 04:30:00
1769920260000,78963.15,78982.0,78920.99,78920.99,5.91783,2026-02-01 04:31:00
1769920320000,78921.0,79014.71,78920.0,79004.12,7.98612,2026-02-01 04:32:00
1769920380000,79004.12,79004.12,78923.28,78923.28,5.02928,2026-02-01 04:33:00
1769920440000,78923.27,78972.11,78920.0,78959.0,5.73923,2026-02-01 04:34:00
1769920500000,78959.0,79000.0,78947.01,78953.38,9.52004,2026-02-01 04:35:00
1769920560000,78953.38,78953.38,78930.24,78943.0,4.22958,2026-02-01 04:36:00
1769920620000,78943.0,78943.0,78916.6,78916.61,2.90368,2026-02-01 04:37:00
1769920680000,78916.6,78980.7,78916.6,78980.69,2.5711,2026-02-01 04:38:00
1769920740000,78980.7,79014.51,78979.56,78981.51,5.51764,2026-02-01 04:39:00
1769920800000,78981.51,79002.46,78966.35,78998.03,2.45656,2026-02-01 04:40:00
1769920860000,78998.03,79011.82,78979.35,78979.36,5.00978,2026-02-01 04:41:00
1769920920000,78979.36,79003.95,78979.35,79001.97,7.45877,2026-02-01 04:42:00
1769920980000,79001.97,79001.97,78967.78,78979.36,11.61945,2026-02-01 04:43:00
1769921040000,78979.37,79018.0,78979.36,79012.99,4.17677,2026-02-01 04:44:00
1769921100000,79012.99,79030.78,78998.22,78998.23,6.28182,2026-02-01 04:45:00
1769921160000,78998.23,79040.0,78998.23,79039.9,7.20701,2026-02-01 04:46:00
1769921220000,79039.9,79061.4,79039.9,79041.8,3.70098,2026-02-01 04:47:00
1769921280000,79041.8,79054.14,78977.93,78989.63,11.61842,2026-02-01 04:48:00
1769921340000,78989.63,79027.8,78989.63,79006.49,4.91367,2026-02-01 04:49:00
1769921400000,79006.48,79006.49,78971.94,78985.27,5.99067,2026-02-01 04:50:00
1769921460000,78985.28,79040.0,78985.27,78999.62,11.55179,2026-02-01 04:51:00
1769921520000,78999.61,79040.0,78998.58,79020.5,2.85023,2026-02-01 04:52:00
1769921580000,79020.49,79034.44,79012.16,79017.9,4.17058,2026-02-01 04:53:00
1769921640000,79017.9,79033.12,79012.27,79033.12,3.75007,2026-02-01 04:54:00
1769921700000,79033.11,79045.37,79030.84,79037.96,7.55891,2026-02-01 04:55:00
1769921760000,79037.96,79037.96,79017.9,79020.11,2.87061,2026-02-01 04:56:00
1769921820000,79020.12,79044.57,79020.12,79036.26,2.38672,2026-02-01 04:57:00
1769921880000,79036.26,79036.27,79030.67,79030.68,3.01151,2026-02-01 04:58:00
1769921940000,79030.68,79030.69,78969.71,78971.75,3.95326,2026-02-01 04:59:00
1769922000000,78973.22,79003.98,78973.22,78989.99,6.20637,2026-02-01 05:00:00
1769922060000,78989.98,79006.0,78920.0,78920.0,10.0225,2026-02-01 05:01:00
1769922120000,78920.01,78920.01,78786.02,78789.53,14.7742,2026-02-01 05:02:00
1769922180000,78789.52,78830.52,78777.22,78830.51,9.49226,2026-02-01 05:03:00
1769922240000,78830.5,78865.79,78815.3,78815.31,4.74215,2026-02-01 05:04:00
1769922300000,78815.31,78880.0,78810.0,78880.0,8.43014,2026-02-01 05:05:00
1769922360000,78880.0,78880.0,78777.5,78785.78,10.82597,2026-02-01 05:06:00
1769922420000,78785.79,78788.35,78766.78,78773.54,24.30684,2026-02-01 05:07:00
1769922480000,78773.53,78780.34,78744.32,78776.16,12.49756,2026-02-01 05:08:00
1769922540000,78776.16,78776.17,78749.23,78760.65,3.48271,2026-02-01 05:09:00
1769922600000,78760.65,78794.0,78760.64,78794.0,3.98946,2026-02-01 05:10:00
1769922660000,78794.0,78902.11,78735.7,78765.03,54.76179,2026-02-01 05:11:00
1769922720000,78765.03,78789.7,78765.02,78789.7,10.57823,2026-02-01 05:12:00
1769922780000,78789.69,78800.0,78785.89,78786.02,7.33364,2026-02-01 05:13:00
1769922840000,78786.01,78851.34,78755.79,78851.34,115.28587,2026-02-01 05:14:00
1769922900000,78851.34,78931.96,78835.31,78858.59,55.25997,2026-02-01 05:15:00
1769922960000,78858.59,78871.47,78800.01,78802.4,7.95933,2026-02-01 05:16:00
1769923020000,78802.39,78811.15,78802.38,78807.85,6.44916,2026-02-01 05:17:00
1769923080000,78807.86,78809.33,78800.1,78800.11,6.09438,2026-02-01 05:18:00
1769923140000,78800.11,78809.33,78800.1,78809.33,3.33024,2026-02-01 05:19:00
1769923200000,78809.32,78809.33,78746.28,78746.28,23.3708,2026-02-01 05:20:00
1769923260000,78746.28,78776.72,78735.69,78742.71,9.52448,2026-02-01 05:21:00
1769923320000,78742.71,78772.29,78742.7,78769.45,9.43921,2026-02-01 05:22:00
1769923380000,78769.45,78875.85,78769.45,78875.85,11.42851,2026-02-01 05:23:00
1769923440000,78876.0,78916.61,78876.0,78908.56,9.85107,2026-02-01 05:24:00
1769923500000,78908.56,78916.48,78856.99,78857.0,7.72119,2026-02-01 05:25:00
1769923560000,78857.0,78929.54,78856.99,78929.24,8.41992,2026-02-01 05:26:00
1769923620000,78929.23,78960.0,78929.23,78951.04,2.93001,2026-02-01 05:27:00
1769923680000,78951.03,78976.63,78938.15,78976.63,5.16157,2026-02-01 05:28:00
1769923740000,78976.63,78986.0,78942.87,78950.01,9.93326,2026-02-01 05:29:00
1769923800000,78950.0,78953.28,78912.0,78912.0,5.40886,2026-02-01 05:30:00
1769923860000,78912.01,78919.9,78900.27,78900.27,4.5002,2026-02-01 05:31:00
1769923920000,78900.27,78900.27,78853.79,78853.79,4.4508,2026-02-01 05:32:00
1769923980000,78853.8,78889.64,78853.77,78854.66,6.49506,2026-02-01 05:33:00
1769924040000,78854.66,78877.54,78854.65,78857.77,2.01332,2026-02-01 05:34:00
1769924100000,78857.77,78883.4,78843.99,78844.0,7.26716,2026-02-01 05:35:00
1769924160000,78844.0,78844.0,78776.34,78776.35,8.82121,2026-02-01 05:36:00
1769924220000,78776.35,78791.11,78762.0,78762.0,3.48189,2026-02-01 05:37:00
1769924280000,78762.0,78771.79,78750.0,78750.01,2.74104,2026-02-01 05:38:00
1769924340000,78750.01,78750.01,78713.9,78713.91,5.50515,2026-02-01 05:39:00
1769924400000,78713.91,78734.76,78713.91,78727.07,4.57586,2026-02-01 05:40:00
1769924460000,78727.07,78727.08,78700.0,78700.0,17.28539,2026-02-01 05:41:00
1769924520000,78700.0,78700.01,78697.97,78697.98,3.88853,2026-02-01 05:42:00
1769924580000,78697.97,78700.01,78650.43,78673.92,17.52181,2026-02-01 05:43:00
1769924640000,78673.91,78677.55,78550.0,78581.34,28.27168,2026-02-01 05:44:00
1769924700000,78581.34,78644.55,78581.34,78601.03,11.06851,2026-02-01 05:45:00
1769924760000,78601.04,78644.05,78600.0,78644.0,11.81257,2026-02-01 05:46:00
1769924820000,78644.0,78644.0,78624.29,78631.17,10.32639,2026-02-01 05:47:00
1769924880000,78631.18,78631.18,78605.24,78605.25,11.08968,2026-02-01 05:48:00
1769924940000,78605.25,78612.62,78540.01,78556.58,22.7078,2026-02-01 05:49:00
1769925000000,78556.59,78624.0,78527.13,78624.0,14.59542,2026-02-01 05:50:00
1769925060000,78624.0,78624.0,78561.06,78583.4,11.51629,2026-02-01 05:51:00
1769925120000,78583.41,78649.15,78583.4,78642.89,6.0211,2026-02-01 05:52:00
1769925180000,78642.89,78642.89,78561.7,78584.93,5.86037,2026-02-01 05:53:00
1769925240000,78584.94,78612.7,78570.0,78570.01,10.42692,2026-02-01 05:54:00
1769925300000,78570.01,78627.84,78570.0,78604.99,9.48524,2026-02-01 05:55:00
1769925360000,78604.99,78616.96,78591.62,78594.05,4.15542,2026-02-01 05:56:00
1769925420000,78594.05,78631.61,78594.04,78594.06,3.95034,2026-02-01 05:57:00
1769925480000,78594.05,78620.48,78594.05,78594.05,2.97871,2026-02-01 05:58:00
1769925540000,78594.05,78622.74,78594.05,78620.91,12.91729,2026-02-01 05:59:00
1769925600000,78620.9,78674.7,78620.9,78668.45,9.79514,2026-02-01 06:00:00
1769925660000,78668.45,78680.0,78640.5,78640.51,3.77459,2026-02-01 06:01:00
1769925720000,78640.5,78680.0,78640.5,78668.66,4.29764,2026-02-01 06:02:00
1769925780000,78668.65,78668.66,78632.53,78632.54,3.8737,2026-02-01 06:03:00
1769925840000,78632.54,78638.06,78608.0,78613.72,5.92063,2026-02-01 06:04:00
1769925900000,78613.73,78650.0,78612.6,78629.44,9.43163,2026-02-01 06:05:00
1769925960000,78629.43,78663.04,78616.16,78644.54,5.38889,2026-02-01 06:06:00
1769926020000,78644.54,78674.0,78629.22,78632.5,12.74285,2026-02-01 06:07:00
1769926080000,78632.51,78640.13,78621.74,78624.19,9.68979,2026-02-01 06:08:00
1769926140000,78624.19,78678.0,78624.19,78655.79,5.8676,2026-02-01 06:09:00
1769926200000,78655.79,78655.79,78637.06,78648.93,11.29981,2026-02-01 06:10:00
1769926260000,78648.93,78663.01,78624.2,78658.0,12.67779,2026-02-01 06:11:00
1769926320000,78658.0,78680.0,78658.0,78679.99,4.13958,2026-02-01 06:12:00
1769926380000,78680.0,78717.1,78680.0,78685.35,5.17786,2026-02-01 06:13:00
1769926440000,78685.35,78711.25,78685.34,78711.25,2.35691,2026-02-01 06:14:00
1769926500000,78711.25,78720.0,78711.24,78719.99,2.01728,2026-02-01 06:15:00
1769926560000,78720.0,78727.0,78713.9,78716.76,10.58316,2026-02-01 06:16:00
1769926620000,78716.77,78716.77,78705.5,78716.49,6.36036,2026-02-01 06:17:00
1769926680000,78716.49,78725.35,78705.74,78705.75,6.70114,2026-02-01 06:18:00
1769926740000,78705.74,78718.24,78705.74,78718.23,3.16994,2026-02-01 06:19:00
1769926800000,78718.23,78733.48,78718.23,78733.48,4.57091,2026-02-01 06:20:00
1769926860000,78733.48,78739.69,78718.23,78739.68,4.0579,2026-02-01 06:21:00
1769926920000,78739.69,78800.0,78734.25,78734.25,10.55036,2026-02-01 06:22:00
1769926980000,78734.25,78761.17,78731.42,78761.17,5.17638,2026-02-01 06:23:00
1769927040000,78761.17,78797.24,78739.99,78740.0,14.21851,2026-02-01 06:24:00
1769927100000,78740.0,78798.77,78739.99,78798.76,5.67794,2026-02-01 06:25:00
1769927160000,78798.77,78824.1,78746.1,78746.11,11.90868,2026-02-01 06:26:00
1769927220000,78746.11,78746.11,78720.0,78733.61,6.54109,2026-02-01 06:27:00
1769927280000,78733.61,78751.81,78685.35,78685.35,8.52213,2026-02-01 06:28:00
1769927340000,78685.35,78740.66,78685.35,78710.47,5.31394,2026-02-01 06:29:00
1769927400000,78710.47,78773.31,78710.46,78770.3,8.15674,2026-02-01 06:30:00
1769927460000,78770.3,78786.0,78759.85,78772.48,5.35911,2026-02-01 06:31:00
1769927520000,78772.48,78772.48,78752.0,78768.09,6.19988,2026-02-01 06:32:00
1769927580000,78768.09,78784.0,78724.0,78724.0,6.9812,2026-02-01 06:33:00
1769927640000,78724.0,78724.01,78691.65,78698.72,12.44935,2026-02-01 06:34:00
1769927700000,78698.73,78721.37,78698.72,78699.32,3.60311,2026-02-01 06:35:00
1769927760000,78699.32,78699.32,78600.0,78602.62,18.16704,2026-02-01 06:36:00
1769927820000,78602.62,78616.76,78502.39,78502.4,14.61998,2026-02-01 06:37:00
1769927880000,78502.4,78520.0,78402.0,78441.44,29.2771,2026-02-01 06:38:00
1769927940000,78441.43,78520.0,78441.43,78519.99,15.1019,2026-02-01 06:39:00
1769928000000,78520.0,78600.0,78520.0,78547.26,9.61227,2026-02-01 06:40:00
1769928060000,78547.27,78582.22,78525.34,78537.68,5.80606,2026-02-01 06:41:00
1769928120000,78537.67,78582.93,78537.67,78543.0,3.26178,2026-02-01 06:42:00
1769928180000,78543.0,78580.0,78522.28,78580.0,5.59775,2026-02-01 06:43:00
1769928240000,78580.01,78593.38,78526.01,78526.02,3.9672,2026-02-01 06:44:00
1769928300000,78526.02,78526.02,78474.59,78481.52,8.89627,2026-02-01 06:45:00
1769928360000,78481.53,78519.89,78444.16,78472.38,4.52541,2026-02-01 06:46:00
1769928420000,78472.38,78472.38,78370.6,78378.48,32.00224,2026-02-01 06:47:00
1769928480000,78378.48,78473.48,78320.0,78400.01,18.83041,2026-02-01 06:48:00
1769928540000,78400.0,78409.02,78310.08,78317.62,27.40193,2026-02-01 06:49:00
1769928600000,78317.61,78341.66,78276.62,78286.91,13.51357,2026-02-01 06:50:00
1769928660000,78286.92,78380.0,78266.63,78284.87,19.31825,2026-02-01 06:51:00
1769928720000,78285.4,78367.5,78270.46,78340.32,15.18772,2026-02-01 06:52:00
1769928780000,78340.32,78350.4,78324.0,78350.4,6.73327,2026-02-01 06:53:00
1769928840000,78350.4,78365.2,78341.1,78362.67,2.70264,2026-02-01 06:54:00
1769928900000,78362.68,78364.78,78350.0,78364.77,2.68268,2026-02-01 06:55:00
1769928960000,78364.78,78453.28,78362.29,78388.01,20.99696,2026-02-01 06:56:00
1769929020000,78388.0,78411.64,78333.83,78338.14,27.77994,2026-02-01 06:57:00
1769929080000,78338.14,78355.4,78317.08,78355.39,5.07188,2026-02-01 06:58:00
1769929140000,78355.39,78355.4,78300.0,78300.0,3.01629,2026-02-01 06:59:00
1769929200000,78300.01,78333.9,78300.0,78309.08,13.83561,2026-02-01 07:00:00
1769929260000,78309.08,78315.24,78290.0,78301.33,4.15069,2026-02-01 07:01:00
1769929320000,78301.33,78333.74,78301.33,78328.68,4.46451,2026-02-01 07:02:00
1769929380000,78328.68,78328.68,78290.0,78290.0,4.04495,2026-02-01 07:03:00
1769929440000,78290.01,78299.17,78117.07,78149.99,40.16836,2026-02-01 07:04:00
1769929500000,78150.0,78200.0,78132.43,78132.44,12.75808,2026-02-01 07:05:00
1769929560000,78132.44,78160.25,78057.44,78086.41,24.90922,2026-02-01 07:06:00
1769929620000,78086.41,78100.0,78050.65,78050.66,14.4486,2026-02-01 07:07:00
1769929680000,78050.65,78198.67,77967.69,78188.01,100.89305,2026-02-01 07:08:00
1769929740000,78188.01,78249.99,78179.7,78241.12,23.02635,2026-02-01 07:09:00
1769929800000,78241.12,78359.99,78241.12,78267.99,21.09788,2026-02-01 07:10:00
1769929860000,78267.98,78303.9,78200.0,78210.05,19.71882,2026-02-01 07:11:00
1769929920000,78210.06,78243.43,78098.81,78110.83,12.28088,2026-02-01 07:12:00
1769929980000,78110.84,78250.93,78110.84,78248.0,17.53905,2026-02-01 07:13:00
1769930040000,78248.0,78285.33,78114.57,78122.9,14.2924,2026-02-01 07:14:00
1769930100000,78122.9,78183.74,78122.89,78147.58,11.91131,2026-02-01 07:15:00
1769930160000,78147.58,78190.0,78136.61,78189.29,9.68095,2026-02-01 07:16:00
1769930220000,78189.29,78200.0,78152.17,78161.47,7.04797,2026-02-01 07:17:00
1769930280000,78161.47,78161.48,78088.82,78088.83,10.61178,2026-02-01 07:18:00
1769930340000,78088.83,78088.83,78009.68,78009.69,16.34523,2026-02-01 07:19:00
1769930400000,78009.68,78171.48,78002.13,78130.76,31.64783,2026-02-01 07:20:00
1769930460000,78130.77,78161.82,78114.88,78116.21,11.54078,2026-02-01 07:21:00
1769930520000,78116.21,78136.42,78090.54,78090.56,12.20104,2026-02-01 07:22:00
1769930580000,78090.55,78118.0,78081.92,78088.01,4.63394,2026-02-01 07:23:00
1769930640000,78088.0,78118.78,78088.0,78112.49,9.17438,2026-02-01 07:24:00
1769930700000,78112.49,78125.07,78112.49,78125.07,1.45736,2026-02-01 07:25:00
1769930760000,78125.07,78125.07,78115.11,78115.12,3.91996,2026-02-01 07:26:00
1769930820000,78115.11,78125.07,78115.11,78124.32,3.42418,2026-02-01 07:27:00
1769930880000,78124.31,78208.56,78124.31,78187.87,13.43714,2026-02-01 07:28:00
1769930940000,78187.87,78216.51,78187.87,78212.25,5.91587,2026-02-01 07:29:00
1769931000000,78212.24,78214.78,78184.0,78205.91,8.48302,2026-02-01 07:30:00
1769931060000,78205.9,78268.21,78189.25,78268.21,9.46847,2026-02-01 07:31:00
1769931120000,78268.21,78298.74,78205.29,78223.2,15.02847,2026-02-01 07:32:00
1769931180000,78223.2,78278.7,78223.19,78252.46,5.28263,2026-02-01 07:33:00
1769931240000,78252.46,78267.27,78242.88,78267.27,2.9906,2026-02-01 07:34:00
1769931300000,78267.27,78388.0,78267.26,78388.0,20.41339,2026-02-01 07:35:00
1769931360000,78387.99,78400.0,78327.0,78357.47,13.44519,2026-02-01 07:36:00
1769931420000,78357.46,78357.47,78328.03,78337.75,17.23255,2026-02-01 07:37:00
1769931480000,78337.76,78370.0,78320.0,78344.7,4.39568,2026-02-01 07:38:00
1769931540000,78344.71,78388.0,78319.05,78386.77,9.29598,2026-02-01 07:39:00
1769931600000,78386.76,78678.36,78386.76,78646.26,38.7179,2026-02-01 07:40:00
1769931660000,78646.27,78724.01,78612.61,78646.75,24.1362,2026-02-01 07:41:00
1769931720000,78646.75,78663.21,78580.0,78630.91,10.85736,2026-02-01 07:42:00
1769931780000,78630.92,78630.92,78534.27,78575.3,4.05784,2026-02-01 07:43:00
1769931840000,78575.3,78608.9,78562.13,78580.11,10.66728,2026-02-01 07:44:00
1769931900000,78580.12,78580.12,78523.14,78523.63,13.81202,2026-02-01 07:45:00
1769931960000,78523.63,78591.02,78523.62,78531.19,8.09205,2026-02-01 07:46:00
1769932020000,78531.18,78535.83,78488.68,78488.68,4.4983,2026-02-01 07:47:00
1769932080000,78488.68,78507.02,78448.26,78465.11,14.04246,2026-02-01 07:48:00
1769932140000,78465.11,78468.59,78440.0,78448.48,4.42835,2026-02-01 07:49:00
1769932200000,78448.48,78478.23,78419.84,78447.41,23.06096,2026-02-01 07:50:00
1769932260000,78447.4,78517.0,78447.4,78516.33,16.34793,2026-02-01 07:51:00
1769932320000,78516.32,78517.0,78478.38,78493.51,4.27545,2026-02-01 07:52:00
1769932380000,78493.5,78517.0,78478.38,78506.54,3.42562,2026-02-01 07:53:00
1769932440000,78506.53,78506.54,78427.39,78427.48,11.95267,2026-02-01 07:54:00
1769932500000,78427.48,78488.0,78409.9,78446.14,6.6942,2026-02-01 07:55:00
1769932560000,78446.14,78446.15,78360.0,78377.48,4.39441,2026-02-01 07:56:00
1769932620000,78377.48,78388.0,78354.39,78354.39,6.91004,2026-02-01 07:57:00
1769932680000,78354.4,78368.18,78346.08,78365.35,2.9501,2026-02-01 07:58:00
1769932740000,78365.35,78365.35,78342.72,78343.0,8.81017,2026-02-01 07:59:00
1769932800000,78343.0,78418.71,78341.99,78412.15,14.02321,2026-02-01 08:00:00
1769932860000,78412.15,78510.07,78408.18,78502.65,6.93055,2026-02-01 08:01:00
1769932920000,78502.65,78531.0,78445.86,78507.15,11.90186,2026-02-01 08:02:00
1769932980000,78507.15,78507.15,78415.22,78443.46,5.68891,2026-02-01 08:03:00
1769933040000,78443.46,78496.49,78443.46,78482.76,2.21233,2026-02-01 08:04:00
1769933100000,78482.77,78498.59,78440.0,78452.06,5.45021,2026-02-01 08:05:00
1769933160000,78452.07,78480.0,78432.49,78470.22,2.58473,2026-02-01 08:06:00
1769933220000,78470.22,78480.0,78433.58,78448.17,12.58686,2026-02-01 08:07:00
1769933280000,78448.17,78480.0,78440.39,78479.99,3.22238,2026-02-01 08:08:00
1769933340000,78480.0,78486.0,78469.56,78477.41,4.59572,2026-02-01 08:09:00
1769933400000,78477.41,78513.51,78477.41,78501.81,8.3001,2026-02-01 08:10:00
1769933460000,78501.81,78501.81,78493.79,78501.81,1.85221,2026-02-01 08:11:00
1769933520000,78501.8,78513.51,78501.59,78513.51,1.65224,2026-02-01 08:12:00
1769933580000,78513.51,78532.0,78513.5,78527.62,3.21024,2026-02-01 08:13:00
1769933640000,78527.61,78527.62,78446.06,78446.06,5.71108,2026-02-01 08:14:00
1769933700000,78446.07,78470.32,78396.0,78396.0,5.48762,2026-02-01 08:15:00
1769933760000,78396.01,78396.01,78258.46,78308.83,14.75739,2026-02-01 08:16:00
1769933820000,78308.83,78330.0,78294.51,78309.08,2.75977,2026-02-01 08:17:00
1769933880000,78309.09,78364.91,78309.08,78320.01,4.33139,2026-02-01 08:18:00
1769933940000,78320.01,78371.11,78320.01,78343.37,7.47272,2026-02-01 08:19:00
1769934000000,78343.37,78359.8,78312.0,78312.01,9.22795,2026-02-01 08:20:00
1769934060000,78312.01,78351.37,78292.0,78327.75,12.39382,2026-02-01 08:21:00
1769934120000,78327.75,78331.93,78282.0,78287.58,6.23399,2026-02-01 08:22:00
1769934180000,78287.57,78493.84,78252.64,78432.01,24.09432,2026-02-01 08:23:00
1769934240000,78432.01,78435.54,78400.0,78432.0,6.67045,2026-02-01 08:24:00
1769934300000,78432.01,78462.0,78383.75,78387.98,25.89472,2026-02-01 08:25:00
1769934360000,78387.97,78403.56,78354.58,78354.59,13.46827,2026-02-01 08:26:00
1769934420000,78354.59,78460.42,78328.97,78460.42,18.54599,2026-02-01 08:27:00
1769934480000,78460.42,78491.87,78453.12,78486.52,4.93039,2026-02-01 08:28:00
1769934540000,78486.53,78500.53,78486.52,78500.53,2.31869,2026-02-01 08:29:00
1769934600000,78500.52,78517.09,78468.43,78473.2,6.18398,2026-02-01 08:30:00
1769934660000,78473.21,78501.9,78473.2,78498.15,5.05692,2026-02-01 08:31:00
1769934720000,78498.14,78505.95,78470.29,78470.3,3.40766,2026-02-01 08:32:00
1769934780000,78470.3,78486.86,78470.29,78486.85,3.40179,2026-02-01 08:33:00
1769934840000,78486.85,78495.4,78478.96,78495.39,3.5167,2026-02-01 08:34:00
1769934900000,78495.4,78640.0,78495.4,78621.54,17.33473,2026-02-01 08:35:00
1769934960000,78621.54,78621.54,78594.96,78600.32,4.1835,2026-02-01 08:36:00
1769935020000,78600.33,78666.66,78596.82,78661.99,7.18384,2026-02-01 08:37:00
1769935080000,78661.99,78800.0,78661.99,78717.11,19.17358,2026-02-01 08:38:00
1769935140000,78717.11,78773.76,78701.47,78773.76,6.04701,2026-02-01 08:39:00
1769935200000,78773.75,78853.33,78773.75,78849.25,11.61997,2026-02-01 08:40:00
1769935260000,78849.24,78849.24,78794.58,78812.42,19.1924,2026-02-01 08:41:00
1769935320000,78812.41,78848.0,78768.9,78828.51,14.24284,2026-02-01 08:42:00
1769935380000,78828.51,78857.14,78809.18,78850.44,5.96275,2026-02-01 08:43:00
1769935440000,78850.44,78863.0,78850.43,78863.0,3.07096,2026-02-01 08:44:00
1769935500000,78862.99,78863.0,78780.0,78780.0,9.80574,2026-02-01 08:45:00
1769935560000,78780.01,78792.26,78746.66,78784.69,13.9999,2026-02-01 08:46:00
1769935620000,78784.69,78821.9,78734.0,78734.01,22.97748,2026-02-01 08:47:00
1769935680000,78734.0,78751.42,78680.0,78699.81,16.59293,2026-02-01 08:48:00
1769935740000,78699.82,78716.12,78672.27,78677.11,6.01677,2026-02-01 08:49:00
1769935800000,78677.1,78737.8,78677.1,78723.17,16.51499,2026-02-01 08:50:00
1769935860000,78723.17,78760.0,78723.17,78760.0,2.98749,2026-02-01 08:51:00
1769935920000,78759.99,78759.99,78680.0,78701.83,10.70551,2026-02-01 08:52:00
1769935980000,78701.83,78725.78,78634.07,78634.07,16.69807,2026-02-01 08:53:00
1769936040000,78634.08,78661.62,78614.39,78614.41,14.09232,2026-02-01 08:54:00
1769936100000,78614.41,78614.41,78551.53,78564.5,29.65959,2026-02-01 08:55:00
1769936160000,78564.5,78607.71,78564.49,78607.71,3.90713,2026-02-01 08:56:00
1769936220000,78607.71,78607.71,78567.99,78568.0,3.25435,2026-02-01 08:57:00
1769936280000,78567.99,78608.8,78560.01,78592.97,18.48102,2026-02-01 08:58:00
1769936340000,78592.97,78618.63,78592.97,78604.02,3.94186,2026-02-01 08:59:00
1769936400000,78604.02,78642.62,78570.16,78575.69,8.42027,2026-02-01 09:00:00
1769936460000,78575.68,78615.76,78551.15,78615.75,6.20639,2026-02-01 09:01:00
1769936520000,78615.76,78615.76,78570.16,78600.45,6.81208,2026-02-01 09:02:00
1769936580000,78600.44,78640.0,78600.44,78640.0,2.93989,2026-02-01 09:03:00
1769936640000,78639.99,78754.82,78639.99,78751.33,11.78662,2026-02-01 09:04:00
1769936700000,78751.34,78838.96,78751.34,78821.24,21.95614,2026-02-01 09:05:00
1769936760000,78821.24,78834.18,78774.28,78834.18,5.57268,2026-02-01 09:06:00
1769936820000,78834.18,78840.0,78767.75,78767.75,3.65943,2026-02-01 09:07:00
1769936880000,78767.76,78778.34,78710.47,78778.34,12.46821,2026-02-01 09:08:00
1769936940000,78778.34,78789.61,78771.72,78781.76,8.71933,2026-02-01 09:09:00
1769937000000,78781.77,78786.1,78769.99,78786.1,2.14097,2026-02-01 09:10:00
1769937060000,78786.1,78798.0,78770.0,78770.0,4.82669,2026-02-01 09:11:00
1769937120000,78770.0,78770.0,78748.08,78754.7,4.68008,2026-02-01 09:12:00
1769937180000,78754.7,78769.78,78746.0,78769.78,5.04823,2026-02-01 09:13:00
1769937240000,78769.78,78773.92,78760.0,78760.51,3.73289,2026-02-01 09:14:00
1769937300000,78760.51,78789.48,78746.0,78748.36,16.33831,2026-02-01 09:15:00
1769937360000,78748.36,78769.08,78700.0,78715.89,21.76653,2026-02-01 09:16:00
1769937420000,78715.89,78715.9,78683.78,78700.01,6.30226,2026-02-01 09:17:00
1769937480000,78700.01,78727.59,78695.71,78727.59,2.18423,2026-02-01 09:18:00
1769937540000,78727.59,78727.59,78704.82,78710.7,4.85803,2026-02-01 09:19:00
1769937600000,78710.69,78760.0,78710.69,78750.0,3.53911,2026-02-01 09:20:00
1769937660000,78750.01,78760.0,78718.0,78760.0,5.33694,2026-02-01 09:21:00
1769937720000,78760.0,78767.0,78710.7,78733.14,16.81386,2026-02-01 09:22:00
1769937780000,78733.13,78733.13,78686.32,78708.37,7.2111,2026-02-01 09:23:00
1769937840000,78708.37,78754.88,78708.36,78739.3,5.02808,2026-02-01 09:24:00
1769937900000,78739.29,78744.45,78684.75,78684.76,3.21333,2026-02-01 09:25:00
1769937960000,78684.75,78688.0,78680.0,78688.0,1.60013,2026-02-01 09:26:00
1769938020000,78687.99,78687.99,78640.44,78647.95,12.32699,2026-02-01 09:27:00
1769938080000,78647.95,78683.77,78647.95,78664.47,12.00414,2026-02-01 09:28:00
1769938140000,78664.48,78688.0,78664.48,78681.42,3.31101,2026-02-01 09:29:00
1769938200000,78681.41,78702.76,78679.67,78702.75,4.92206,2026-02-01 09:30:00
1769938260000,78702.75,78760.0,78702.75,78760.0,5.31672,2026-02-01 09:31:00
1769938320000,78760.0,78800.76,78760.0,78800.76,4.16507,2026-02-01 09:32:00
1769938380000,78801.08,78827.0,78801.07,78815.31,5.50216,2026-02-01 09:33:00
1769938440000,78815.31,78815.31,78794.42,78804.34,2.15225,2026-02-01 09:34:00
1769938500000,78804.33,78821.43,78799.0,78820.17,4.37504,2026-02-01 09:35:00
1769938560000,78820.17,78838.62,78820.16,78838.59,2.40314,2026-02-01 09:36:00
1769938620000,78838.58,78840.0,78804.98,78831.47,7.76341,2026-02-01 09:37:00
1769938680000,78831.47,78831.47,78807.37,78809.56,8.51706,2026-02-01 09:38:00
1769938740000,78809.56,78825.21,78809.55,78825.2,5.95193,2026-02-01 09:39:00
1769938800000,78825.21,78832.12,78800.0,78816.34,7.70848,2026-02-01 09:40:00
1769938860000,78816.35,78829.74,78801.36,78821.47,12.3235,2026-02-01 09:41:00
1769938920000,78821.46,78827.1,78814.54,78826.06,4.8913,2026-02-01 09:42:00
1769938980000,78826.05,78850.0,78816.15,78850.0,4.21734,2026-02-01 09:43:00
1769939040000,78850.0,78909.65,78850.0,78867.0,21.12701,2026-02-01 09:44:00
1769939100000,78867.0,78871.38,78848.0,78865.34,5.95128,2026-02-01 09:45:00
1769939160000,78865.34,78865.34,78770.26,78770.27,16.1854,2026-02-01 09:46:00
1769939220000,78770.26,78791.03,78750.0,78791.03,14.54973,2026-02-01 09:47:00
1769939280000,78791.03,78843.05,78791.02,78843.04,3.22022,2026-02-01 09:48:00
1769939340000,78843.05,78847.93,78819.99,78830.75,3.72193,2026-02-01 09:49:00
1769939400000,78830.76,78834.08,78806.0,78806.0,2.56588,2026-02-01 09:50:00
1769939460000,78806.01,78818.26,78806.0,78818.26,4.37833,2026-02-01 09:51:00
1769939520000,78818.26,78818.26,78806.0,78808.98,2.97369,2026-02-01 09:52:00
1769939580000,78808.98,78808.99,78808.95,78808.96,3.5493,2026-02-01 09:53:00
1769939640000,78808.96,78842.0,78808.95,78831.5,2.81712,2026-02-01 09:54:00
1769939700000,78831.5,78838.67,78807.11,78807.11,6.06409,2026-02-01 09:55:00
1769939760000,78807.11,78846.94,78807.11,78846.94,5.98296,2026-02-01 09:56:00
1769939820000,78846.94,78918.0,78846.94,78918.0,7.98404,2026-02-01 09:57:00
1769939880000,78918.0,79073.71,78918.0,79037.81,44.76967,2026-02-01 09:58:00
1769939940000,79037.81,79136.1,79001.36,79034.45,22.90823,2026-02-01 09:59:00
1769940000000,79034.45,79080.0,79017.9,79058.02,5.83108,2026-02-01 10:00:00
1769940060000,79058.02,79065.23,78966.13,78971.67,8.12235,2026-02-01 10:01:00
1769940120000,78971.67,79018.01,78971.67,78974.35,13.62094,2026-02-01 10:02:00
1769940180000,78974.35,78996.76,78950.0,78950.01,8.52331,2026-02-01 10:03:00
1769940240000,78950.01,78950.01,78889.7,78907.02,14.5187,2026-02-01 10:04:00
1769940300000,78907.02,78907.02,78886.79,78886.79,3.49409,2026-02-01 10:05:00
1769940360000,78886.79,78972.0,78886.78,78928.72,38.62767,2026-02-01 10:06:00
1769940420000,78928.73,79012.0,78928.73,79008.21,18.05093,2026-02-01 10:07:00
1769940480000,79008.2,79035.64,79007.97,79014.04,6.17424,2026-02-01 10:08:00
1769940540000,79014.04,79014.05,78990.71,79007.63,3.20603,2026-02-01 10:09:00
1769940600000,79007.62,79016.4,78990.0,78996.19,4.95022,2026-02-01 10:10:00
1769940660000,78996.19,79115.11,78995.99,79115.1,23.32877,2026-02-01 10:11:00
1769940720000,79115.09,79127.0,79102.31,79127.0,7.01156,2026-02-01 10:12:00
1769940780000,79127.0,79188.0,79120.0,79137.55,9.0942,2026-02-01 10:13:00
1769940840000,79137.55,79220.72,79120.79,79175.8,22.97261,2026-02-01 10:14:00
1769940900000,79175.79,79175.79,79080.0,79089.12,8.31129,2026-02-01 10:15:00
1769940960000,79089.12,79097.04,79050.91,79050.94,8.97412,2026-02-01 10:16:00
1769941020000,79050.94,79061.92,79029.16,79061.91,5.39083,2026-02-01 10:17:00
1769941080000,79061.91,79064.0,79017.9,79063.99,6.09202,2026-02-01 10:18:00
1769941140000,79064.0,79073.58,78994.9,79011.9,11.41432,2026-02-01 10:19:00
1769941200000,79011.91,79018.39,79006.47,79018.38,4.14883,2026-02-01 10:20:00
1769941260000,79018.38,79029.81,78993.43,79010.36,5.34509,2026-02-01 10:21:00
1769941320000,79010.36,79033.89,79010.36,79033.89,1.59424,2026-02-01 10:22:00
1769941380000,79033.88,79040.0,79033.88,79038.35,2.70834,2026-02-01 10:23:00
1769941440000,79038.34,79072.48,79028.42,79072.48,9.64604,2026-02-01 10:24:00
1769941500000,79072.48,79080.0,79054.64,79059.98,4.11889,2026-02-01 10:25:00
1769941560000,79059.98,79059.99,79007.99,79038.7,5.12622,2026-02-01 10:26:00
1769941620000,79038.71,79043.18,79017.76,79017.76,2.32079,2026-02-01 10:27:00
1769941680000,79017.77,79038.73,79017.76,79032.49,4.30548,2026-02-01 10:28:00
1769941740000,79032.48,79043.01,79010.7,79020.27,3.37046,2026-02-01 10:29:00
1769941800000,79020.27,79034.88,78987.18,79013.39,9.46946,2026-02-01 10:30:00
1769941860000,79013.39,79013.39,78956.82,78968.37,7.40356,2026-02-01 10:31:00
1769941920000,78968.36,79022.59,78966.64,78995.26,4.66787,2026-02-01 10:32:00
1769941980000,78995.26,79021.04,78842.5,78849.53,28.81358,2026-02-01 10:33:00
1769942040000,78849.53,78872.91,78725.66,78790.0,59.16429,2026-02-01 10:34:00
1769942100000,78790.0,78806.01,78645.87,78645.87,42.55352,2026-02-01 10:35:00
1769942160000,78645.88,78662.7,78467.87,78490.55,87.42036,2026-02-01 10:36:00
1769942220000,78490.55,78538.4,78442.01,78459.23,24.13199,2026-02-01 10:37:00
1769942280000,78459.23,78520.0,78412.02,78515.44,13.32716,2026-02-01 10:38:00
1769942340000,78515.44,78555.32,78511.3,78520.44,12.25905,2026-02-01 10:39:00
1769942400000,78520.44,78520.44,78394.3,78409.9,20.07815,2026-02-01 10:40:00
1769942460000,78409.91,78474.67,78400.0,78474.67,14.43731,2026-02-01 10:41:00
1769942520000,78474.67,78517.09,78465.32,78517.08,6.27915,2026-02-01 10:42:00
1769942580000,78517.09,78517.09,78468.1,78494.69,8.15578,2026-02-01 10:43:00
1769942640000,78494.69,78510.87,78384.93,78384.93,17.35228,2026-02-01 10:44:00
1769942700000,78384.94,78414.0,78336.47,78408.78,27.57539,2026-02-01 10:45:00
1769942760000,78408.78,78440.0,78308.6,78363.0,22.39634,2026-02-01 10:46:00
1769942820000,78363.0,78390.4,78356.8,78384.64,7.83835,2026-02-01 10:47:00
1769942880000,78384.64,78461.59,78384.64,78461.59,5.46161,2026-02-01 10:48:00
1769942940000,78461.58,78494.0,78455.49,78482.51,8.88619,2026-02-01 10:49:00
1769943000000,78482.51,78521.88,78480.0,78480.01,15.40548,2026-02-01 10:50:00
1769943060000,78480.01,78526.02,78480.0,78502.45,9.08079,2026-02-01 10:51:00
1769943120000,78502.46,78522.5,78492.66,78510.18,4.94083,2026-02-01 10:52:00
1769943180000,78510.18,78510.18,78467.91,78503.97,11.41392,2026-02-01 10:53:00
1769943240000,78501.14,78504.0,78362.69,78371.83,40.82963,2026-02-01 10:54:00
1769943300000,78371.83,78405.88,78228.76,78242.29,32.68116,2026-02-01 10:55:00
1769943360000,78242.28,78270.84,78197.04,78239.1,13.53173,2026-02-01 10:56:00
1769943420000,78239.1,78240.46,78148.1,78153.49,22.94175,2026-02-01 10:57:00
1769943480000,78153.5,78267.69,78153.49,78241.84,8.67916,2026-02-01 10:58:00
1769943540000,78241.83,78290.0,78241.83,78279.73,5.86615,2026-02-01 10:59:00
1769943600000,78279.73,78375.34,78279.72,78363.46,17.49037,2026-02-01 11:00:00
1769943660000,78363.47,78422.52,78353.33,78415.98,15.08983,2026-02-01 11:01:00
1769943720000,78415.97,78428.0,78355.95,78409.9,8.6764,2026-02-01 11:02:00
1769943780000,78409.91,78463.66,78409.91,78411.75,9.0169,2026-02-01 11:03:00
1769943840000,78411.75,78448.01,78411.75,78446.98,3.67634,2026-02-01 11:04:00
1769943900000,78446.98,78454.0,78375.11,78439.99,7.5531,2026-02-01 11:05:00
1769943960000,78439.99,78466.0,78432.27,78432.27,7.3798,2026-02-01 11:06:00
1769944020000,78432.28,78467.1,78427.67,78446.91,5.35301,2026-02-01 11:07:00
1769944080000,78446.91,78473.65,78438.3,78464.19,3.41742,2026-02-01 11:08:00
1769944140000,78464.2,78473.64,78443.94,78443.94,7.98497,2026-02-01 11:09:00
1769944200000,78443.95,78446.1,78409.9,78413.55,8.904,2026-02-01 11:10:00
1769944260000,78413.55,78422.81,78408.33,78422.8,5.1628,2026-02-01 11:11:00
1769944320000,78422.81,78433.13,78422.8,78422.81,7.06892,2026-02-01 11:12:00
1769944380000,78422.81,78458.0,78408.33,78458.0,4.73191,2026-02-01 11:13:00
1769944440000,78458.0,78514.65,78457.99,78499.99,17.90814,2026-02-01 11:14:00
1769944500000,78500.0,78501.44,78423.3,78423.31,6.50704,2026-02-01 11:15:00
1769944560000,78423.3,78423.3,78362.1,78362.1,6.49945,2026-02-01 11:16:00
1769944620000,78362.11,78375.29,78311.1,78337.55,17.48023,2026-02-01 11:17:00
1769944680000,78337.55,78390.0,78324.9,78350.29,11.61166,2026-02-01 11:18:00
1769944740000,78350.29,78450.42,78350.28,78422.53,7.31446,2026-02-01 11:19:00
1769944800000,78422.53,78422.54,78389.43,78408.49,14.57514,2026-02-01 11:20:00
1769944860000,78408.5,78436.0,78399.21,78426.29,14.08077,2026-02-01 11:21:00
1769944920000,78426.29,78432.96,78409.9,78430.0,14.07258,2026-02-01 11:22:00
1769944980000,78429.99,78440.24,78413.33,78440.0,6.60615,2026-02-01 11:23:00
1769945040000,78439.99,78440.0,78384.57,78392.7,8.06283,2026-02-01 11:24:00
1769945100000,78392.71,78433.5,78378.44,78433.42,7.37928,2026-02-01 11:25:00
1769945160000,78433.43,78442.0,78433.43,78441.99,2.23084,2026-02-01 11:26:00
1769945220000,78441.99,78470.81,78433.22,78462.36,5.47628,2026-02-01 11:27:00
1769945280000,78462.35,78462.36,78430.39,78438.3,5.28916,2026-02-01 11:28:00
1769945340000,78438.31,78438.31,78409.11,78414.91,3.82367,2026-02-01 11:29:00
1769945400000,78414.92,78473.21,78414.92,78473.21,4.83472,2026-02-01 11:30:00
1769945460000,78473.2,78533.87,78473.2,78533.86,9.10718,2026-02-01 11:31:00
1769945520000,78533.86,78533.87,78510.93,78524.05,8.98466,2026-02-01 11:32:00
1769945580000,78524.06,78531.48,78521.4,78527.52,7.00807,2026-02-01 11:33:00
1769945640000,78527.52,78575.25,78527.52,78567.1,9.88788,2026-02-01 11:34:00
1769945700000,78567.1,78738.0,78567.09,78695.9,35.22783,2026-02-01 11:35:00
1769945760000,78695.9,78754.39,78695.9,78730.97,10.248,2026-02-01 11:36:00
1769945820000,78730.97,78736.55,78650.0,78700.2,20.22429,2026-02-01 11:37:00
1769945880000,78700.2,78739.88,78700.2,78735.36,5.7412,2026-02-01 11:38:00
1769945940000,78735.35,78756.11,78697.27,78754.36,5.65404,2026-02-01 11:39:00
1769946000000,78754.37,78813.98,78737.49,78791.41,17.91191,2026-02-01 11:40:00
1769946060000,78791.41,78817.27,78753.22,78753.22,10.07891,2026-02-01 11:41:00
1769946120000,78753.23,78809.38,78753.22,78809.37,5.50272,2026-02-01 11:42:00
1769946180000,78809.37,78873.4,78785.64,78850.19,15.87461,2026-02-01 11:43:00
1769946240000,78850.19,78872.74,78839.52,78839.52,8.24601,2026-02-01 11:44:00
1769946300000,78839.53,78877.89,78779.03,78779.03,6.70001,2026-02-01 11:45:00
1769946360000,78779.03,78788.63,78749.22,78788.63,25.26944,2026-02-01 11:46:00
1769946420000,78788.63,78826.0,78788.62,78814.01,3.70551,2026-02-01 11:47:00
1769946480000,78814.0,78814.0,78772.78,78811.09,9.03869,2026-02-01 11:48:00
1769946540000,78811.1,78811.1,78720.0,78728.11,17.43752,2026-02-01 11:49:00
1769946600000,78728.12,78743.57,78728.11,78728.29,2.35678,2026-02-01 11:50:00
1769946660000,78728.3,78739.06,78728.29,78734.02,2.94498,2026-02-01 11:51:00
1769946720000,78734.02,78734.02,78717.1,78725.91,2.57763,2026-02-01 11:52:00
1769946780000,78725.92,78739.38,78725.91,78737.46,3.36099,2026-02-01 11:53:00
1769946840000,78737.44,78737.45,78725.92,78725.93,1.97287,2026-02-01 11:54:00
1769946900000,78725.93,78736.51,78715.94,78715.94,3.77076,2026-02-01 11:55:00
1769946960000,78715.94,78721.2,78707.1,78710.84,5.73997,2026-02-01 11:56:00
1769947020000,78710.84,78725.99,78707.1,78725.99,5.32289,2026-02-01 11:57:00
1769947080000,78725.98,78740.0,78716.14,78739.99,9.53225,2026-02-01 11:58:00
1769947140000,78739.99,78743.57,78725.99,78743.56,4.70079,2026-02-01 11:59:00
1769947200000,78743.57,78760.0,78661.84,78675.86,11.35114,2026-02-01 12:00:00
1769947260000,78675.86,78710.27,78621.0,78621.01,13.57085,2026-02-01 12:01:00
1769947320000,78621.0,78642.04,78588.19,78616.0,18.13261,2026-02-01 12:02:00
1769947380000,78616.0,78631.2,78590.0,78597.17,8.45979,2026-02-01 12:03:00
1769947440000,78597.16,78597.16,78547.15,78566.36,8.3063,2026-02-01 12:04:00
1769947500000,78566.37,78610.48,78544.51,78544.52,11.20955,2026-02-01 12:05:00
1769947560000,78544.52,78550.18,78544.51,78550.18,2.36872,2026-02-01 12:06:00
1769947620000,78550.17,78560.0,78480.0,78560.0,10.71673,2026-02-01 12:07:00
1769947680000,78560.0,78583.76,78559.99,78576.24,9.26776,2026-02-01 12:08:00
1769947740000,78576.25,78619.12,78576.24,78581.13,9.72413,2026-02-01 12:09:00
1769947800000,78581.13,78631.0,78565.99,78619.29,8.95743,2026-02-01 12:10:00
1769947860000,78619.29,78631.01,78612.98,78619.98,8.86658,2026-02-01 12:11:00
1769947920000,78619.98,78619.99,78597.94,78597.95,3.00057,2026-02-01 12:12:00
1769947980000,78597.94,78605.99,78596.4,78605.46,5.13816,2026-02-01 12:13:00
1769948040000,78605.46,78618.88,78569.8,78569.8,8.52294,2026-02-01 12:14:00
1769948100000,78569.81,78569.81,78517.42,78542.57,7.14841,2026-02-01 12:15:00
1769948160000,78542.57,78560.0,78460.11,78485.54,23.90399,2026-02-01 12:16:00
1769948220000,78485.54,78514.75,78485.53,78488.42,8.2048,2026-02-01 12:17:00
1769948280000,78488.41,78506.3,78488.41,78492.42,3.19635,2026-02-01 12:18:00
1769948340000,78492.42,78624.7,78492.41,78624.7,43.05634,2026-02-01 12:19:00
1769948400000,78624.7,78626.5,78600.0,78624.58,8.51255,2026-02-01 12:20:00
1769948460000,78624.57,78624.58,78546.38,78546.39,40.81902,2026-02-01 12:21:00
1769948520000,78546.39,78561.03,78428.55,78458.0,28.64625,2026-02-01 12:22:00
1769948580000,78458.01,78473.11,78358.07,78358.07,25.92287,2026-02-01 12:23:00
1769948640000,78358.08,78367.8,78244.0,78305.0,28.99409,2026-02-01 12:24:00
1769948700000,78305.0,78362.16,78304.99,78362.16,6.42486,2026-02-01 12:25:00
1769948760000,78362.17,78373.93,78322.21,78330.78,13.43034,2026-02-01 12:26:00
1769948820000,78330.79,78352.95,78330.79,78352.95,3.73414,2026-02-01 12:27:00
1769948880000,78352.96,78393.04,78352.96,78373.9,6.56639,2026-02-01 12:28:00
1769948940000,78373.9,78451.24,78373.9,78446.68,9.69923,2026-02-01 12:29:00
1769949000000,78446.67,78503.63,78446.67,78503.63,6.09109,2026-02-01 12:30:00
1769949060000,78503.63,78515.85,78452.0,78452.0,10.55023,2026-02-01 12:31:00
1769949120000,78452.01,78488.52,78452.0,78482.51,8.241,2026-02-01 12:32:00
1769949180000,78482.52,78512.0,78482.52,78492.82,7.53682,2026-02-01 12:33:00
1769949240000,78492.82,78501.51,78485.83,78488.75,3.94356,2026-02-01 12:34:00
1769949300000,78488.74,78592.59,78488.74,78592.58,9.37792,2026-02-01 12:35:00
1769949360000,78592.58,78667.15,78592.58,78633.54,5.8733,2026-02-01 12:36:00
1769949420000,78633.54,78633.55,78612.6,78612.61,8.13383,2026-02-01 12:37:00
1769949480000,78612.61,78612.61,78480.0,78490.34,25.96457,2026-02-01 12:38:00
1769949540000,78490.34,78497.43,78444.33,78448.75,6.48173,2026-02-01 12:39:00
1769949600000,78448.75,78508.81,78448.25,78506.85,6.62607,2026-02-01 12:40:00
1769949660000,78506.85,78512.72,78458.0,78463.34,9.36435,2026-02-01 12:41:00
1769949720000,78463.34,78520.0,78463.34,78520.0,3.26679,2026-02-01 12:42:00
1769949780000,78520.0,78520.0,78496.62,78515.66,2.84226,2026-02-01 12:43:00
1769949840000,78515.66,78520.01,78357.11,78378.45,28.24258,2026-02-01 12:44:00
1769949900000,78378.46,78440.0,78378.46,78440.0,11.90257,2026-02-01 12:45:00
1769949960000,78439.99,78476.62,78439.99,78454.2,4.82423,2026-02-01 12:46:00
1769950020000,78454.2,78465.2,78444.41,78444.42,2.30739,2026-02-01 12:47:00
1769950080000,78444.41,78444.42,78418.75,78423.36,3.20811,2026-02-01 12:48:00
1769950140000,78423.35,78477.9,78423.35,78477.9,2.78238,2026-02-01 12:49:00
1769950200000,78477.9,78480.0,78444.04,78447.7,6.44393,2026-02-01 12:50:00
1769950260000,78447.71,78468.82,78440.8,78467.42,6.69119,2026-02-01 12:51:00
1769950320000,78467.42,78468.4,78424.0,78427.75,4.05628,2026-02-01 12:52:00
1769950380000,78427.76,78442.1,78427.75,78442.1,3.41341,2026-02-01 12:53:00
1769950440000,78442.09,78442.1,78410.3,78414.2,5.13701,2026-02-01 12:54:00
1769950500000,78414.2,78435.68,78414.19,78431.67,4.14058,2026-02-01 12:55:00
1769950560000,78431.68,78438.35,78431.68,78438.35,3.85676,2026-02-01 12:56:00
1769950620000,78438.35,78475.25,78438.35,78459.06,5.58888,2026-02-01 12:57:00
1769950680000,78459.06,78506.0,78459.05,78492.96,13.99501,2026-02-01 12:58:00
1769950740000,78492.96,78492.96,78442.27,78459.67,4.17057,2026-02-01 12:59:00
1769950800000,78459.68,78500.0,78459.68,78499.99,4.04833,2026-02-01 13:00:00
1769950860000,78499.99,78539.86,78481.99,78539.86,8.32724,2026-02-01 13:01:00
1769950920000,78539.85,78628.0,78539.85,78607.56,10.26408,2026-02-01 13:02:00
1769950980000,78607.56,78636.86,78548.29,78560.01,6.08793,2026-02-01 13:03:00
1769951040000,78560.0,78608.09,78560.0,78560.01,4.50163,2026-02-01 13:04:00
1769951100000,78560.0,78567.22,78540.46,78567.22,4.30676,2026-02-01 13:05:00
1769951160000,78567.21,78583.3,78567.21,78583.3,3.54719,2026-02-01 13:06:00
1769951220000,78583.29,78583.3,78567.21,78567.22,1.68665,2026-02-01 13:07:00
1769951280000,78567.21,78567.22,78545.98,78561.01,4.33164,2026-02-01 13:08:00
1769951340000,78561.0,78592.0,78561.0,78591.99,2.67943,2026-02-01 13:09:00
1769951400000,78591.99,78699.59,78591.99,78677.36,21.84469,2026-02-01 13:10:00
1769951460000,78677.35,78741.78,78640.0,78733.9,14.05327,2026-02-01 13:11:00
1769951520000,78733.89,78741.78,78714.07,78716.64,8.66815,2026-02-01 13:12:00
1769951580000,78716.65,78733.7,78663.39,78671.39,7.28285,2026-02-01 13:13:00
1769951640000,78671.38,78703.38,78640.91,78673.47,19.78439,2026-02-01 13:14:00
1769951700000,78673.47,78691.18,78667.16,78691.18,2.87861,2026-02-01 13:15:00
1769951760000,78691.18,78691.18,78652.31,78658.81,4.16654,2026-02-01 13:16:00
1769951820000,78658.81,78659.04,78640.0,78640.01,1.4728,2026-02-01 13:17:00
1769951880000,78640.01,78640.01,78618.0,78618.0,1.64047,2026-02-01 13:18:00
1769951940000,78618.0,78685.74,78618.0,78685.74,2.7682,2026-02-01 13:19:00
1769952000000,78685.74,78685.74,78664.0,78682.27,3.04177,2026-02-01 13:20:00
1769952060000,78682.27,78768.68,78682.26,78764.41,19.98006,2026-02-01 13:21:00
1769952120000,78764.41,78764.41,78710.0,78731.92,7.48629,2026-02-01 13:22:00
1769952180000,78731.91,78731.91,78702.0,78731.21,3.7847,2026-02-01 13:23:00
1769952240000,78731.2,78733.49,78631.69,78631.7,5.27801,2026-02-01 13:24:00
1769952300000,78631.7,78646.12,78626.71,78641.38,3.32467,2026-02-01 13:25:00
1769952360000,78641.37,78641.38,78633.7,78641.38,2.16065,2026-02-01 13:26:00
1769952420000,78641.38,78641.38,78633.7,78636.81,2.55307,2026-02-01 13:27:00
1769952480000,78636.81,78636.81,78608.0,78611.96,2.22094,2026-02-01 13:28:00
1769952540000,78611.95,78699.15,78611.95,78687.14,8.80778,2026-02-01 13:29:00
1769952600000,78687.14,78695.51,78653.71,78653.71,7.83895,2026-02-01 13:30:00
1769952660000,78653.7,78666.3,78642.88,78642.89,3.52363,2026-02-01 13:31:00
1769952720000,78642.89,78659.0,78612.6,78619.89,13.82709,2026-02-01 13:32:00
1769952780000,78619.89,78636.69,78619.88,78636.69,6.99753,2026-02-01 13:33:00
1769952840000,78636.68,78654.89,78624.13,78624.4,2.74795,2026-02-01 13:34:00
1769952900000,78624.4,78631.61,78532.29,78540.11,6.88286,2026-02-01 13:35:00
1769952960000,78540.11,78555.02,78500.14,78510.4,7.27044,2026-02-01 13:36:00
1769953020000,78510.41,78540.73,78510.4,78540.73,5.95741,2026-02-01 13:37:00
1769953080000,78540.73,78559.99,78502.54,78512.44,11.30454,2026-02-01 13:38:00
1769953140000,78512.45,78516.16,78500.0,78500.0,7.77381,2026-02-01 13:39:00
1769953200000,78500.0,78522.9,78470.51,78498.29,6.35252,2026-02-01 13:40:00
1769953260000,78498.29,78528.05,78463.66,78528.05,16.167,2026-02-01 13:41:00
1769953320000,78528.04,78551.1,78528.04,78548.22,3.38265,2026-02-01 13:42:00
1769953380000,78548.21,78548.21,78528.28,78541.83,4.73284,2026-02-01 13:43:00
1769953440000,78541.83,78541.83,78519.73,78526.34,3.66489,2026-02-01 13:44:00
1769953500000,78526.34,78591.8,78526.34,78582.87,13.43697,2026-02-01 13:45:00
1769953560000,78582.87,78648.78,78582.87,78648.78,10.25068,2026-02-01 13:46:00
1769953620000,78648.78,78649.29,78622.8,78649.22,16.91522,2026-02-01 13:47:00
1769953680000,78649.22,78650.43,78596.0,78596.45,4.72097,2026-02-01 13:48:00
1769953740000,78596.45,78609.62,78503.62,78503.76,12.56142,2026-02-01 13:49:00
1769953800000,78503.76,78505.04,78465.24,78466.72,10.16351,2026-02-01 13:50:00
1769953860000,78466.71,78466.72,78384.24,78409.9,9.47954,2026-02-01 13:51:00
1769953920000,78409.91,78412.67,78308.6,78322.23,20.60656,2026-02-01 13:52:00
1769953980000,78322.23,78385.5,78301.0,78331.16,16.40607,2026-02-01 13:53:00
1769954040000,78331.17,78380.94,78331.16,78359.6,5.19548,2026-02-01 13:54:00
1769954100000,78359.61,78389.4,78332.79,78332.79,5.76484,2026-02-01 13:55:00
1769954160000,78332.8,78332.8,78203.21,78280.17,27.56434,2026-02-01 13:56:00
1769954220000,78280.16,78338.87,78228.0,78294.69,11.71947,2026-02-01 13:57:00
1769954280000,78294.7,78320.0,78256.02,78320.0,9.46678,2026-02-01 13:58:00
1769954340000,78320.0,78344.14,78312.08,78317.51,6.81957,2026-02-01 13:59:00
1769954400000,78317.51,78317.52,78252.7,78268.07,9.14168,2026-02-01 14:00:00
1769954460000,78268.08,78268.08,78190.56,78208.02,16.08398,2026-02-01 14:01:00
1769954520000,78208.03,78240.0,78184.88,78231.51,5.17746,2026-02-01 14:02:00
1769954580000,78231.5,78247.09,78146.52,78235.99,20.57672,2026-02-01 14:03:00
1769954640000,78235.99,78260.0,78213.79,78217.42,27.0978,2026-02-01 14:04:00
1769954700000,78217.42,78240.61,78217.41,78219.87,9.64464,2026-02-01 14:05:00
1769954760000,78219.87,78332.02,78211.49,78332.02,13.03645,2026-02-01 14:06:00
1769954820000,78332.02,78440.0,78332.02,78387.64,12.68235,2026-02-01 14:07:00
1769954880000,78387.64,78422.0,78329.1,78329.1,5.43581,2026-02-01 14:08:00
1769954940000,78329.11,78329.11,78289.01,78296.41,6.58208,2026-02-01 14:09:00
1769955000000,78296.41,78296.41,78110.0,78130.94,20.11048,2026-02-01 14:10:00
1769955060000,78130.95,78176.0,78110.0,78145.08,13.84653,2026-02-01 14:11:00
1769955120000,78145.08,78205.99,78144.25,78205.98,12.98531,2026-02-01 14:12:00
1769955180000,78205.97,78223.6,78178.6,78223.59,24.10902,2026-02-01 14:13:00
1769955240000,78223.6,78223.6,78172.75,78188.32,9.03744,2026-02-01 14:14:00
1769955300000,78188.31,78218.52,78172.75,78213.24,8.31586,2026-02-01 14:15:00
1769955360000,78213.24,78213.25,78138.0,78146.6,24.42618,2026-02-01 14:16:00
1769955420000,78146.6,78213.25,78076.12,78076.58,27.97964,2026-02-01 14:17:00
1769955480000,78076.57,78100.45,78048.07,78048.08,14.7658,2026-02-01 14:18:00
1769955540000,78048.07,78095.79,78048.07,78095.78,16.45301,2026-02-01 14:19:00
1769955600000,78095.78,78120.0,78066.0,78066.6,6.72651,2026-02-01 14:20:00
1769955660000,78066.6,78113.43,78066.59,78104.8,16.21802,2026-02-01 14:21:00
1769955720000,78104.79,78120.0,77982.0,78009.03,43.23381,2026-02-01 14:22:00
1769955780000,78009.02,78060.82,78009.02,78058.86,18.34593,2026-02-01 14:23:00
1769955840000,78058.86,78076.0,78043.02,78049.87,12.13408,2026-02-01 14:24:00
1769955900000,78049.87,78173.19,77900.0,78042.02,58.67812,2026-02-01 14:25:00
1769955960000,78042.01,78120.0,78038.74,78038.75,20.46053,2026-02-01 14:26:00
1769956020000,78038.75,78062.66,77939.0,77939.01,31.69666,2026-02-01 14:27:00
1769956080000,77939.0,77939.01,77844.31,77889.47,38.12995,2026-02-01 14:28:00
1769956140000,77889.48,77891.36,77816.24,77849.34,28.48984,2026-02-01 14:29:00
1769956200000,77849.34,77949.98,77839.98,77926.69,21.46921,2026-02-01 14:30:00
1769956260000,77926.69,77926.69,77690.4,77745.33,86.41897,2026-02-01 14:31:00
1769956320000,77745.33,77867.41,77730.0,77799.14,24.6431,2026-02-01 14:32:00
1769956380000,77799.14,77817.45,77705.2,77711.01,20.38235,2026-02-01 14:33:00
1769956440000,77711.02,77713.17,77483.15,77501.06,83.53949,2026-02-01 14:34:00
1769956500000,77501.06,77594.0,77501.06,77514.22,47.94966,2026-02-01 14:35:00
1769956560000,77514.23,77575.66,77486.0,77518.76,40.29528,2026-02-01 14:36:00
1769956620000,77518.77,77528.99,77363.68,77381.73,61.41336,2026-02-01 14:37:00
1769956680000,77381.74,77400.0,77272.5,77362.49,95.41224,2026-02-01 14:38:00
1769956740000,77362.49,77409.71,77236.68,77408.04,38.4988,2026-02-01 14:39:00
1769956800000,77408.03,77604.0,77398.03,77583.15,43.50989,2026-02-01 14:40:00
1769956860000,77583.14,77583.15,77483.53,77554.25,13.67561,2026-02-01 14:41:00
1769956920000,77554.26,77776.24,77516.88,77768.74,37.06047,2026-02-01 14:42:00
1769956980000,77768.73,77969.59,77766.62,77924.0,57.85373,2026-02-01 14:43:00
1769957040000,77924.0,78134.94,77875.2,77887.62,72.09121,2026-02-01 14:44:00
1769957100000,77887.63,78102.0,77887.63,77998.28,31.71963,2026-02-01 14:45:00
1769957160000,77998.28,78009.34,77894.0,77956.0,17.28721,2026-02-01 14:46:00
1769957220000,77955.99,77964.71,77883.19,77883.2,12.77476,2026-02-01 14:47:00
1769957280000,77883.2,78040.0,77812.13,78040.0,30.08994,2026-02-01 14:48:00
1769957340000,78040.0,78090.21,78034.85,78080.0,11.5381,2026-02-01 14:49:00
1769957400000,78079.99,78379.31,78074.09,78376.16,48.86918,2026-02-01 14:50:00
1769957460000,78376.16,78520.0,78314.36,78335.51,54.95849,2026-02-01 14:51:00
1769957520000,78335.51,78340.87,78250.41,78340.71,17.50889,2026-02-01 14:52:00
1769957580000,78340.7,78340.71,78262.74,78300.0,11.24287,2026-02-01 14:53:00
1769957640000,78300.0,78321.49,78230.69,78238.02,12.56868,2026-02-01 14:54:00
1769957700000,78238.01,78310.0,78144.37,78309.99,19.59849,2026-02-01 14:55:00
1769957760000,78310.0,78345.0,78294.9,78308.6,9.27846,2026-02-01 14:56:00
1769957820000,78308.6,78332.02,78240.0,78328.66,19.19953,2026-02-01 14:57:00
1769957880000,78328.66,78421.71,78297.48,78326.66,36.57867,2026-02-01 14:58:00
1769957940000,78326.67,78326.67,78209.88,78211.12,9.34282,2026-02-01 14:59:00
1769958000000,78211.12,78217.69,78144.42,78189.04,22.79049,2026-02-01 15:00:00
1769958060000,78189.04,78254.2,78189.04,78217.54,12.27312,2026-02-01 15:01:00
1769958120000,78217.54,78229.68,78083.12,78099.77,14.98796,2026-02-01 15:02:00
1769958180000,78099.78,78103.45,78000.97,78012.17,12.01608,2026-02-01 15:03:00
1769958240000,78012.17,78060.34,77893.76,77934.4,28.88428,2026-02-01 15:04:00
1769958300000,77934.4,77979.75,77934.39,77978.75,6.02722,2026-02-01 15:05:00
1769958360000,77978.75,78032.0,77950.0,77954.51,19.40113,2026-02-01 15:06:00
1769958420000,77954.52,77954.52,77862.32,77928.83,25.95496,2026-02-01 15:07:00
1769958480000,77928.83,77940.0,77903.3,77940.0,7.93717,2026-02-01 15:08:00
1769958540000,77940.0,77990.0,77913.99,77924.36,12.87884,2026-02-01 15:09:00
1769958600000,77924.36,77942.55,77881.4,77899.99,12.18797,2026-02-01 15:10:00
1769958660000,77900.0,77921.82,77750.0,77756.89,21.41069,2026-02-01 15:11:00
1769958720000,77756.9,77787.89,77700.0,77700.0,15.55246,2026-02-01 15:12:00
1769958780000,77700.0,77713.11,77526.28,77602.42,33.97931,2026-02-01 15:13:00
1769958840000,77602.42,77650.38,77575.81,77618.62,13.40555,2026-02-01 15:14:00
1769958900000,77618.63,77674.6,77601.93,77665.62,21.88688,2026-02-01 15:15:00
1769958960000,77663.91,77691.97,77347.8,77347.8,50.15097,2026-02-01 15:16:00
1769959020000,77350.01,77583.71,77307.28,77365.02,74.9893,2026-02-01 15:17:00
1769959080000,77365.01,77371.69,77189.72,77189.73,65.75937,2026-02-01 15:18:00
1769959140000,77189.73,77332.9,77130.25,77310.1,70.29869,2026-02-01 15:19:00
1769959200000,77310.1,77350.11,77176.63,77211.89,18.15584,2026-02-01 15:20:00
1769959260000,77211.89,77434.0,77211.89,77406.0,25.45193,2026-02-01 15:21:00
1769959320000,77406.01,77450.37,77342.0,77419.99,23.63544,2026-02-01 15:22:00
1769959380000,77419.99,77517.04,77375.99,77512.44,20.38558,2026-02-01 15:23:00
1769959440000,77511.6,77511.6,77383.71,77383.71,24.80492,2026-02-01 15:24:00
1769959500000,77383.7,77446.26,77089.99,77142.17,57.44646,2026-02-01 15:25:00
1769959560000,77142.17,77196.15,77001.25,77050.01,61.14613,2026-02-01 15:26:00
1769959620000,77050.01,77093.35,76935.7,77001.48,235.9133,2026-02-01 15:27:00
1769959680000,77001.48,77026.36,76931.25,76943.42,36.07559,2026-02-01 15:28:00
1769959740000,76943.43,77081.77,76943.42,76984.0,29.05273,2026-02-01 15:29:00
1769959800000,76984.0,77082.22,76906.7,76906.7,36.38766,2026-02-01 15:30:00
1769959860000,76906.7,77165.82,76875.0,77131.22,110.3596,2026-02-01 15:31:00
1769959920000,77131.23,77136.63,76916.0,77009.27,44.91317,2026-02-01 15:32:00
1769959980000,77009.26,77134.89,76980.51,77017.35,25.88736,2026-02-01 15:33:00
1769960040000,77017.35,77100.79,76959.8,77052.22,19.8585,2026-02-01 15:34:00
1769960100000,77052.22,77095.0,76917.5,76986.97,28.84611,2026-02-01 15:35:00
1769960160000,76986.96,77016.19,76917.01,76971.78,48.1008,2026-02-01 15:36:00
1769960220000,76971.78,77029.98,76940.45,76965.48,23.577,2026-02-01 15:37:00
1769960280000,76965.47,77194.1,76761.98,77103.36,95.26559,2026-02-01 15:38:00
1769960340000,77103.37,77392.0,77006.98,77284.0,87.03653,2026-02-01 15:39:00
1769960400000,77284.0,77318.55,77047.42,77180.7,56.87699,2026-02-01 15:40:00
1769960460000,77180.7,77219.74,77128.0,77178.71,19.2181,2026-02-01 15:41:00
1769960520000,77179.83,77286.0,77167.62,77185.81,30.50674,2026-02-01 15:42:00
1769960580000,77185.8,77237.86,77164.62,77212.81,30.05166,2026-02-01 15:43:00
1769960640000,77213.51,77216.95,77132.31,77169.8,15.72945,2026-02-01 15:44:00
1769960700000,77169.8,77332.57,77152.32,77196.81,22.55206,2026-02-01 15:45:00
1769960760000,77196.8,77305.6,77152.0,77293.69,8.76731,2026-02-01 15:46:00
1769960820000,77293.69,77332.0,77230.92,77265.61,19.14177,2026-02-01 15:47:00
1769960880000,77265.6,77474.85,77252.56,77366.24,23.05331,2026-02-01 15:48:00
1769960940000,77366.25,77476.47,77366.24,77390.56,24.55034,2026-02-01 15:49:00
1769961000000,77390.56,77446.0,77327.33,77413.14,8.87741,2026-02-01 15:50:00
1769961060000,77413.14,77524.01,77407.96,77510.29,12.59424,2026-02-01 15:51:00
1769961120000,77510.29,77576.0,77476.82,77546.98,30.32602,2026-02-01 15:52:00
1769961180000,77546.98,77591.97,77466.63,77466.64,20.77784,2026-02-01 15:53:00
1769961240000,77466.64,77535.51,77466.63,77534.0,9.6805,2026-02-01 15:54:00
1769961300000,77533.99,77574.0,77524.74,77545.62,6.3065,2026-02-01 15:55:00
1769961360000,77545.61,77611.77,77545.61,77579.46,8.43012,2026-02-01 15:56:00
1769961420000,77579.46,77859.59,77579.45,77707.56,36.38166,2026-02-01 15:57:00
1769961480000,77707.56,77808.0,77689.72,77697.01,46.96176,2026-02-01 15:58:00
1769961540000,77697.02,77714.0,77574.18,77593.4,20.02121,2026-02-01 15:59:00
1769961600000,77593.4,77600.04,77402.12,77402.12,27.50445,2026-02-01 16:00:00
1769961660000,77402.13,77474.0,77348.37,77348.37,23.66664,2026-02-01 16:01:00
1769961720000,77348.03,77367.43,77109.76,77116.37,36.72767,2026-02-01 16:02:00
1769961780000,77116.36,77176.81,77100.0,77100.0,17.04716,2026-02-01 16:03:00
1769961840000,77100.01,77158.0,77087.76,77147.97,27.6877,2026-02-01 16:04:00
1769961900000,77147.97,77342.01,77126.66,77342.0,20.28482,2026-02-01 16:05:00
1769961960000,77342.0,77577.51,77342.0,77409.36,43.51129,2026-02-01 16:06:00
1769962020000,77409.36,77431.01,77350.0,77378.83,9.47016,2026-02-01 16:07:00
1769962080000,77378.84,77383.15,77267.46,77320.27,13.11825,2026-02-01 16:08:00
1769962140000,77320.27,77385.5,77235.91,77257.76,14.77455,2026-02-01 16:09:00
1769962200000,77257.77,77317.03,77182.0,77249.32,15.50708,2026-02-01 16:10:00
1769962260000,77249.33,77284.0,77229.83,77232.06,9.912,2026-02-01 16:11:00
1769962320000,77232.06,77369.99,77232.05,77334.22,7.46302,2026-02-01 16:12:00
1769962380000,77334.23,77424.07,77312.18,77409.25,13.04425,2026-02-01 16:13:00
1769962440000,77409.25,77606.16,77408.52,77571.98,55.31226,2026-02-01 16:14:00
1769962500000,77571.98,77571.98,77480.0,77526.31,23.24549,2026-02-01 16:15:00
1769962560000,77526.31,77526.31,77426.72,77457.99,8.95751,2026-02-01 16:16:00
1769962620000,77457.99,77458.0,77276.0,77276.0,14.7938,2026-02-01 16:17:00
1769962680000,77276.01,77327.43,77184.01,77208.11,11.09304,2026-02-01 16:18:00
1769962740000,77208.11,77235.96,77158.0,77180.01,12.63291,2026-02-01 16:19:00
1769962800000,77180.01,77321.51,77180.01,77242.0,17.46859,2026-02-01 16:20:00
1769962860000,77242.01,77327.38,77148.01,77148.02,13.57415,2026-02-01 16:21:00
1769962920000,77148.01,77239.86,77125.16,77225.18,28.75963,2026-02-01 16:22:00
1769962980000,77225.17,77540.2,77218.76,77512.29,37.12356,2026-02-01 16:23:00
1769963040000,77512.29,77598.85,77443.15,77545.62,35.84769,2026-02-01 16:24:00
1769963100000,77545.63,77695.56,77487.17,77662.08,32.89333,2026-02-01 16:25:00
1769963160000,77660.49,77792.34,77600.0,77751.11,28.17444,2026-02-01 16:26:00
1769963220000,77751.11,77838.48,77684.01,77736.0,42.99266,2026-02-01 16:27:00
1769963280000,77736.0,77754.81,77606.39,77606.39,13.29181,2026-02-01 16:28:00
1769963340000,77606.39,77615.34,77510.0,77534.17,10.05745,2026-02-01 16:29:00
1769963400000,77534.17,77603.53,77470.02,77470.02,15.66709,2026-02-01 16:30:00
1769963460000,77470.02,77699.86,77470.02,77665.88,14.30195,2026-02-01 16:31:00
1769963520000,77665.87,77671.32,77526.28,77536.18,8.87049,2026-02-01 16:32:00
1769963580000,77536.19,77661.62,77536.18,77647.77,24.05749,2026-02-01 16:33:00
1769963640000,77646.71,77700.0,77560.0,77689.66,8.72394,2026-02-01 16:34:00
1769963700000,77689.67,77750.0,77632.96,77740.44,13.44894,2026-02-01 16:35:00
1769963760000,77740.35,77740.36,77600.0,77603.53,7.06261,2026-02-01 16:36:00
1769963820000,77603.53,77605.24,77548.57,77550.01,10.05782,2026-02-01 16:37:00
1769963880000,77550.0,77590.0,77538.0,77552.01,4.97162,2026-02-01 16:38:00
1769963940000,77552.01,77568.57,77480.0,77525.28,9.19314,2026-02-01 16:39:00
1769964000000,77525.29,77576.17,77370.89,77381.74,20.62347,2026-02-01 16:40:00
1769964060000,77381.73,77429.65,77300.0,77330.38,8.85135,2026-02-01 16:41:00
1769964120000,77330.37,77331.38,77278.4,77278.4,21.8584,2026-02-01 16:42:00
1769964180000,77278.41,77317.51,77160.27,77204.32,47.434,2026-02-01 16:43:00
1769964240000,77204.33,77270.0,77204.33,77242.29,15.51268,2026-02-01 16:44:00
1769964300000,77242.3,77341.45,77242.3,77291.74,9.67209,2026-02-01 16:45:00
1769964360000,77291.74,77338.9,77240.0,77335.29,40.0703,2026-02-01 16:46:00
1769964420000,77335.29,77363.79,77277.6,77285.72,9.34971,2026-02-01 16:47:00
1769964480000,77285.71,77332.97,77285.71,77292.0,2.61147,2026-02-01 16:48:00
1769964540000,77292.0,77293.35,77200.0,77204.57,5.02693,2026-02-01 16:49:00
1769964600000,77204.56,77280.0,77134.38,77280.0,14.78594,2026-02-01 16:50:00
1769964660000,77280.0,77321.88,77231.52,77231.53,10.64836,2026-02-01 16:51:00
1769964720000,77231.52,77262.01,77165.54,77244.87,14.0499,2026-02-01 16:52:00
1769964780000,77244.87,77250.36,77158.0,77205.0,9.30271,2026-02-01 16:53:00
1769964840000,77205.0,77351.98,77204.99,77351.98,14.34946,2026-02-01 16:54:00
1769964900000,77351.98,77439.38,77346.98,77427.35,15.21391,2026-02-01 16:55:00
1769964960000,77427.35,77491.71,77373.14,77491.36,12.24922,2026-02-01 16:56:00
1769965020000,77491.35,77553.44,77422.83,77422.83,9.94872,2026-02-01 16:57:00
1769965080000,77422.42,77454.0,77396.7,77449.18,10.89261,2026-02-01 16:58:00
1769965140000,77449.18,77535.01,77448.0,77494.77,9.82968,2026-02-01 16:59:00
1769965200000,77494.77,77543.54,77480.0,77510.53,4.28553,2026-02-01 17:00:00
1769965260000,77510.53,77525.75,77402.67,77440.01,13.47974,2026-02-01 17:01:00
1769965320000,77440.0,77499.12,77422.0,77472.61,11.81234,2026-02-01 17:02:00
1769965380000,77473.51,77558.82,77423.6,77558.82,5.7264,2026-02-01 17:03:00
1769965440000,77558.81,77619.0,77534.72,77618.99,10.47321,2026-02-01 17:04:00
1769965500000,77618.99,77748.0,77583.71,77613.64,32.99848,2026-02-01 17:05:00
1769965560000,77613.63,77715.99,77582.0,77616.45,8.96542,2026-02-01 17:06:00
1769965620000,77616.44,77675.61,77606.69,77672.4,18.293,2026-02-01 17:07:00
1769965680000,77672.39,77711.76,77623.76,77665.81,4.68741,2026-02-01 17:08:00
1769965740000,77665.81,77677.02,77600.0,77640.0,15.32168,2026-02-01 17:09:00
1769965800000,77639.99,77644.0,77538.23,77600.0,13.5737,2026-02-01 17:10:00
1769965860000,77600.0,77662.0,77599.99,77658.01,8.08008,2026-02-01 17:11:00
1769965920000,77658.01,77660.97,77619.39,77628.75,6.18684,2026-02-01 17:12:00
1769965980000,77628.74,77643.59,77600.0,77615.26,4.19028,2026-02-01 17:13:00
1769966040000,77615.26,77650.44,77606.49,77641.2,4.89937,2026-02-01 17:14:00
1769966100000,77641.19,77641.2,77560.0,77610.39,9.91432,2026-02-01 17:15:00
1769966160000,77610.39,77633.66,77567.69,77629.35,17.63033,2026-02-01 17:16:00
1769966220000,77629.34,77671.16,77629.34,77671.16,6.09989,2026-02-01 17:17:00
1769966280000,77671.15,77738.0,77648.0,77722.8,13.04872,2026-02-01 17:18:00
1769966340000,77722.8,77742.06,77684.83,77714.51,5.61647,2026-02-01 17:19:00
1769966400000,77714.5,77714.5,77613.04,77616.42,5.38337,2026-02-01 17:20:00
1769966460000,77616.41,77616.42,77418.0,77478.07,19.23878,2026-02-01 17:21:00
1769966520000,77478.07,77478.6,77367.56,77395.56,10.54555,2026-02-01 17:22:00
1769966580000,77395.56,77400.13,77338.0,77352.22,7.74368,2026-02-01 17:23:00
1769966640000,77352.23,77422.0,77352.23,77407.92,3.47202,2026-02-01 17:24:00
1769966700000,77407.92,77519.99,77407.91,77457.49,6.86852,2026-02-01 17:25:00
1769966760000,77457.5,77467.46,77428.25,77456.03,10.08779,2026-02-01 17:26:00
1769966820000,77456.02,77534.0,77449.28,77534.0,14.62945,2026-02-01 17:27:00
1769966880000,77533.99,77560.0,77533.99,77550.37,4.97641,2026-02-01 17:28:00
1769966940000,77550.38,77573.97,77539.44,77556.45,3.93028,2026-02-01 17:29:00
1769967000000,77556.46,77640.0,77546.37,77631.03,8.63499,2026-02-01 17:30:00
1769967060000,77631.03,77631.03,77399.84,77451.74,25.13131,2026-02-01 17:31:00
1769967120000,77451.74,77539.88,77451.74,77463.03,4.48315,2026-02-01 17:32:00
1769967180000,77463.03,77499.1,77420.0,77420.0,2.25115,2026-02-01 17:33:00
1769967240000,77420.0,77420.0,77372.17,77400.17,6.28184,2026-02-01 17:34:00
1769967300000,77400.18,77411.03,77300.0,77300.0,13.76961,2026-02-01 17:35:00
1769967360000,77300.01,77394.18,77300.01,77344.5,10.60875,2026-02-01 17:36:00
1769967420000,77344.5,77387.81,77341.65,77387.81,10.35222,2026-02-01 17:37:00
1769967480000,77387.8,77424.0,77330.0,77423.99,10.03324,2026-02-01 17:38:00
1769967540000,77424.0,77424.0,77374.0,77417.86,8.14098,2026-02-01 17:39:00
1769967600000,77417.85,77450.37,77376.0,77447.37,2.6899,2026-02-01 17:40:00
1769967660000,77447.36,77555.0,77430.26,77520.47,11.25636,2026-02-01 17:41:00
1769967720000,77520.47,77562.89,77509.07,77510.0,5.64947,2026-02-01 17:42:00
1769967780000,77510.0,77524.72,77454.0,77454.01,5.10355,2026-02-01 17:43:00
1769967840000,77454.01,77475.73,77454.01,77475.73,1.70696,2026-02-01 17:44:00
1769967900000,77475.73,77513.97,77450.37,77513.97,2.49461,2026-02-01 17:45:00
1769967960000,77513.97,77567.04,77513.96,77556.63,4.75072,2026-02-01 17:46:00
1769968020000,77556.64,77556.64,77474.0,77508.81,12.94785,2026-02-01 17:47:00
1769968080000,77508.81,77526.88,77508.81,77511.97,4.70378,2026-02-01 17:48:00
1769968140000,77511.96,77511.96,77374.0,77400.06,11.41988,2026-02-01 17:49:00
1769968200000,77400.06,77502.66,77366.21,77500.01,8.50151,2026-02-01 17:50:00
1769968260000,77500.0,77607.43,77487.44,77607.42,13.24732,2026-02-01 17:51:00
1769968320000,77607.42,77650.38,77599.3,77650.38,6.3768,2026-02-01 17:52:00
1769968380000,77650.37,77670.06,77633.85,77668.0,9.30689,2026-02-01 17:53:00
1769968440000,77668.0,77737.84,77667.99,77688.78,21.95455,2026-02-01 17:54:00
1769968500000,77688.77,77688.77,77634.0,77642.28,11.36759,2026-02-01 17:55:00
1769968560000,77642.28,77642.28,77592.47,77594.73,5.55963,2026-02-01 17:56:00
1769968620000,77594.72,77650.38,77564.23,77650.38,2.99363,2026-02-01 17:57:00
1769968680000,77650.38,77680.0,77631.42,77679.99,2.4518,2026-02-01 17:58:00
1769968740000,77680.0,77745.32,77675.59,77745.32,3.49417,2026-02-01 17:59:00
1769968800000,77745.33,77793.34,77728.36,77788.69,20.55228,2026-02-01 18:00:00
1769968860000,77788.68,77988.08,77788.68,77916.05,45.91965,2026-02-01 18:01:00
1769968920000,77916.06,78143.11,77822.0,78086.32,53.05317,2026-02-01 18:02:00
1769968980000,78086.31,78150.0,78040.0,78040.68,31.23309,2026-02-01 18:03:00
1769969040000,78041.14,78065.33,77958.64,78012.4,11.37591,2026-02-01 18:04:00
1769969100000,78012.41,78038.38,77946.63,78027.81,6.43317,2026-02-01 18:05:00
1769969160000,78027.82,78027.82,77914.0,77936.0,8.79846,2026-02-01 18:06:00
1769969220000,77936.47,78024.96,77868.0,78020.0,8.49908,2026-02-01 18:07:00
1769969280000,78020.0,78253.69,78004.6,78176.01,30.34994,2026-02-01 18:08:00
1769969340000,78176.0,78176.0,78095.19,78160.0,9.38943,2026-02-01 18:09:00
1769969400000,78159.99,78194.82,78121.05,78194.82,11.3521,2026-02-01 18:10:00
1769969460000,78194.82,78216.0,78148.11,78168.84,8.0371,2026-02-01 18:11:00
1769969520000,78168.85,78193.27,78112.0,78179.26,9.00549,2026-02-01 18:12:00
1769969580000,78179.26,78268.0,78167.2,78260.97,10.24322,2026-02-01 18:13:00
1769969640000,78260.97,78279.51,78233.99,78234.0,6.20717,2026-02-01 18:14:00
1769969700000,78233.99,78279.5,78199.26,78235.36,26.81948,2026-02-01 18:15:00
1769969760000,78235.36,78235.37,78120.0,78192.68,108.67632,2026-02-01 18:16:00
1769969820000,78192.68,78230.0,78136.0,78229.99,9.30101,2026-02-01 18:17:00
1769969880000,78229.98,78229.98,78160.01,78184.93,5.62539,2026-02-01 18:18:00
1769969940000,78184.92,78239.89,78169.9,78236.74,14.9554,2026-02-01 18:19:00
1769970000000,78236.75,78443.1,78216.81,78368.0,42.87641,2026-02-01 18:20:00
1769970060000,78367.99,78367.99,78279.68,78279.69,6.95872,2026-02-01 18:21:00
1769970120000,78279.68,78307.03,78263.48,78307.03,2.91093,2026-02-01 18:22:00
1769970180000,78307.03,78333.14,78216.69,78216.83,13.40161,2026-02-01 18:23:00
1769970240000,78216.83,78227.81,78029.52,78061.71,21.73649,2026-02-01 18:24:00
1769970300000,78061.72,78074.0,78003.31,78070.5,8.60495,2026-02-01 18:25:00
1769970360000,78071.7,78170.0,78016.88,78154.84,17.04688,2026-02-01 18:26:00
1769970420000,78154.84,78183.74,78135.16,78183.74,2.69187,2026-02-01 18:27:00
1769970480000,78183.74,78210.0,78178.02,78186.81,7.22575,2026-02-01 18:28:00
1769970540000,78186.82,78186.82,78127.99,78155.34,5.57284,2026-02-01 18:29:00
1769970600000,78155.33,78155.34,78114.33,78117.52,6.99299,2026-02-01 18:30:00
1769970660000,78117.52,78131.38,78088.36,78106.01,17.2091,2026-02-01 18:31:00
1769970720000,78106.01,78158.96,78106.01,78154.58,2.76326,2026-02-01 18:32:00
1769970780000,78154.59,78183.74,78102.13,78183.73,5.15335,2026-02-01 18:33:00
1769970840000,78183.73,78183.74,78122.4,78168.1,5.78247,2026-02-01 18:34:00
1769970900000,78168.1,78170.0,78058.0,78081.38,7.67084,2026-02-01 18:35:00
1769970960000,78081.38,78099.03,78048.01,78048.02,2.36841,2026-02-01 18:36:00
1769971020000,78048.01,78101.31,78040.0,78101.31,5.14572,2026-02-01 18:37:00
1769971080000,78101.3,78113.73,78074.71,78102.04,2.25038,2026-02-01 18:38:00
1769971140000,78102.04,78143.86,78049.16,78143.86,15.30789,2026-02-01 18:39:00
1769971200000,78143.85,78160.0,78111.27,78159.99,8.39994,2026-02-01 18:40:00
1769971260000,78160.0,78180.56,78128.0,78180.55,3.43721,2026-02-01 18:41:00
1769971320000,78180.56,78188.0,78087.84,78136.79,6.92166,2026-02-01 18:42:00
1769971380000,78136.79,78136.79,78080.0,78080.0,2.70688,2026-02-01 18:43:00
1769971440000,78080.0,78080.0,77951.19,77990.7,12.50433,2026-02-01 18:44:00
1769971500000,77990.71,78021.29,77962.8,78004.6,6.21094,2026-02-01 18:45:00
1769971560000,78004.61,78011.91,77951.58,77964.52,11.83475,2026-02-01 18:46:00
1769971620000,77964.52,77964.52,77880.0,77890.71,21.14893,2026-02-01 18:47:00
